Latency,Rise-Time,Amplitude,Events,Pleasantness_class
2.98046875,3.01171875,0.1973688361605439,1.0,pleasant
1.88671875,6.46875,0.9118806529445909,2.0,unpleasant
1.69921875,4.515625,0.6186907059768987,-2.0,pleasant
0.80078125,3.4375,0.08303131048343904,0.0,unpleasant
0.0,0.0,0.0,0.0,pleasant
2.50390625,2.38671875,0.04669023662492688,2.0,unpleasant
2.41796875,2.95703125,0.1242318653766474,2.0,unpleasant
2.45703125,4.21875,0.2755085526351984,-1.0,pleasant
2.140625,2.1171875,0.1327880281931879,0.0,pleasant
3.21484375,1.8359375,0.02986677887065547,0.0,unpleasant
1.94140625,2.6875,0.1849737035394623,1.0,pleasant
2.359375,3.0546875,0.08509189531200767,0.0,pleasant
3.16015625,1.953125,0.0220017451643113,-1.0,pleasant
1.8671875,2.90234375,0.2481082581365883,-1.0,unpleasant
2.5390625,1.640625,0.03849184353259205,-1.0,pleasant
1.1953125,3.08984375,0.2292296378402439,1.0,unpleasant
0.0,0.0,0.0,-1.0,unpleasant
3.72265625,0.97265625,0.01093416061702235,0.0,pleasant
1.6875,2.82421875,0.2359376120644892,1.0,pleasant
2.25390625,2.51171875,0.09311842969486928,-1.0,unpleasant
1.44140625,3.51171875,0.153200693644038,1.0,unpleasant
0.078125,2.05859375,0.02362698288587217,2.0,pleasant
2.3984375,1.859375,0.02466093444829731,-1.0,pleasant
1.95703125,1.56640625,0.1141159435184038,-1.0,pleasant
2.4296875,1.82421875,0.05857137367802734,0.0,pleasant
2.58203125,1.6796875,0.0638402040562509,1.0,unpleasant
0.1015625,1.08203125,0.01036641443403075,1.0,pleasant
2.64453125,2.48828125,0.09068941424148913,0.0,unpleasant
1.6875,2.4375,0.1302681460729107,0.0,pleasant
2.83984375,2.23046875,0.1183868069584884,0.0,pleasant
0.97265625,3.03515625,0.1233720845867006,1.0,unpleasant
0.0,0.0,0.0,0.0,pleasant
1.828125,3.0859375,0.2191171107854788,0.0,pleasant
0.59375,3.609375,0.1408253384795504,-1.0,pleasant
3.16015625,2.28125,0.09712992911865537,0.0,unpleasant
2.41796875,3.74609375,0.3067993351860268,-2.0,pleasant
1.546875,3.0390625,0.2390437949421562,-1.0,unpleasant
2.109375,2.40625,0.1129080912682208,0.0,pleasant
2.4140625,3.609375,0.1352271906253062,1.0,pleasant
1.875,3.5390625,0.3332497993834966,-1.0,unpleasant
2.42578125,3.66015625,0.1286629195059843,-1.0,pleasant
1.7890625,2.43359375,0.1078451911795741,0.0,pleasant
2.2265625,2.32421875,0.08501324224449225,3.0,unpleasant
3.3125,2.83984375,0.1042230058479954,-1.0,unpleasant
1.01953125,3.9140625,0.1771758567213535,0.0,pleasant
0.0,0.0,0.0,-1.0,pleasant
3.21484375,4.1328125,0.07440055191584571,-1.0,pleasant
0.3125,4.00390625,0.3042528275175957,0.0,pleasant
1.109375,3.08203125,0.15597138771553,2.0,unpleasant
0.0,0.0,0.0,0.0,unpleasant
2.1015625,2.62109375,0.1855614256557669,1.0,unpleasant
2.16015625,2.0859375,0.2610251583971213,-1.0,unpleasant
2.15234375,3.53125,0.3460406069294333,1.0,unpleasant
2.49609375,3.03515625,0.09905274377018247,2.0,pleasant
2.0,3.55859375,0.2271633610299015,0.0,pleasant
2.17578125,3.3515625,0.2771938098326441,-1.0,unpleasant
0.0,0.0,0.0,1.0,pleasant
2.5078125,2.30859375,0.1034911093592299,2.0,pleasant
2.765625,2.53125,0.1424332529619265,-2.0,unpleasant
0.0,0.0,0.0,-1.0,unpleasant
0.06640625,5.86328125,0.3913580340624434,1.0,unpleasant
0.96484375,2.796875,0.1733260892085449,2.0,pleasant
2.90625,2.875,0.08336423276445881,1.0,unpleasant
0.0,0.0,0.0,0.0,pleasant
2.04296875,2.26953125,0.142545433457276,1.0,pleasant
1.9375,3.77734375,0.5508769862020482,0.0,unpleasant
3.1640625,1.63671875,0.02189040554891752,-2.0,pleasant
0.421875,4.94140625,0.4880822133055664,1.0,unpleasant
2.0625,2.3359375,0.0295414234218454,0.0,pleasant
0.0,0.0,0.0,0.0,unpleasant
2.34375,2.65234375,0.1470226778594557,-2.0,unpleasant
1.9296875,4.4609375,0.1377272618045076,0.0,pleasant
2.265625,3.00390625,0.1388746240916237,1.0,pleasant
2.2109375,2.98046875,0.05597485480835229,1.0,unpleasant
2.1328125,3.89453125,0.1252527032892161,2.0,unpleasant
1.88671875,3.2109375,0.1518200246344794,1.0,unpleasant
2.72265625,2.015625,0.07153014666711588,0.0,pleasant
2.6015625,2.0546875,0.02938831791102459,0.0,unpleasant
2.015625,2.2109375,0.1058808868339098,0.0,pleasant
3.015625,3.12109375,0.1495758112432504,0.0,pleasant
3.14453125,0.87109375,0.01198452261284411,1.0,unpleasant
1.02734375,5.92578125,0.4815474642466082,0.0,pleasant
0.0,0.0,0.0,1.0,unpleasant
0.125,1.8984375,0.04681524922377833,-1.0,unpleasant
2.11328125,3.59765625,0.2271654699310155,-1.0,pleasant
2.6484375,3.140625,0.09642113393215679,1.0,pleasant
1.76171875,4.31640625,0.425310462114509,-1.0,pleasant
1.9375,2.2734375,0.1824532470333695,2.0,unpleasant
0.1328125,5.4140625,0.3639422203572609,0.0,pleasant
1.5859375,3.2421875,0.4499690135715424,-1.0,unpleasant
2.4765625,1.9375,0.101093223928667,-1.0,unpleasant
2.36328125,3.10546875,0.4027488739129574,0.0,pleasant
2.26171875,3.54296875,0.1318090286994442,1.0,pleasant
0.0,0.0,0.0,2.0,pleasant
0.93359375,1.078125,0.01509097888036148,1.0,pleasant
2.0546875,2.9296875,0.1166374099141323,-1.0,pleasant
1.953125,2.80078125,0.2451034497692182,-1.0,unpleasant
2.6875,2.08984375,0.06389027911586487,-2.0,pleasant
2.671875,2.2578125,0.0788782934636505,0.0,unpleasant
2.36328125,2.01953125,0.1052271451906126,-1.0,pleasant
1.9296875,1.54296875,0.03017406426458158,-2.0,pleasant
1.21875,4.015625,0.2468485182836724,2.0,unpleasant
2.33203125,1.8359375,0.05867876529152904,1.0,pleasant
0.28515625,4.92578125,0.4512014489457026,0.0,pleasant
2.15234375,4.5546875,0.2166374377259475,-1.0,pleasant
1.76171875,2.515625,0.1275358805896261,2.0,pleasant
3.69921875,2.0703125,0.01939567677213039,1.0,pleasant
0.0,0.0,0.0,0.0,pleasant
2.04296875,2.5859375,0.276140752834094,1.0,unpleasant
0.0,0.0,0.0,0.0,pleasant
2.11328125,1.93359375,0.7365397238513709,0.0,unpleasant
0.0,0.0,0.0,3.0,unpleasant
0.0,0.0,0.0,-1.0,pleasant
0.0,0.0,0.0,2.0,unpleasant
0.0,0.0,0.0,2.0,unpleasant
0.0,0.0,0.0,3.0,pleasant
0.0,0.0,0.0,2.0,unpleasant
0.0,0.0,0.0,6.0,unpleasant
0.0,0.0,0.0,0.0,pleasant
0.0,0.0,0.0,4.0,unpleasant
0.0,0.0,0.0,-1.0,pleasant
0.33203125,1.93359375,0.0766624172382282,1.0,pleasant
2.18359375,1.8671875,0.06695219733398439,4.0,unpleasant
0.0,0.0,0.0,3.0,unpleasant
0.0,0.0,0.0,3.0,unpleasant
2.48046875,2.85546875,1.151756920718597,4.0,unpleasant
0.66015625,1.453125,0.0155719406606516,-1.0,unpleasant
0.0,0.0,0.0,1.0,unpleasant
0.0,0.0,0.0,1.0,pleasant
0.0,0.0,0.0,2.0,unpleasant
0.34375,1.9453125,0.9018725015370692,-2.0,pleasant
2.07421875,1.30078125,0.01787475281993922,2.0,unpleasant
0.0,0.0,0.0,0.0,pleasant
0.0,0.0,0.0,1.0,pleasant
0.0,0.0,0.0,2.0,pleasant
0.0,0.0,0.0,4.0,pleasant
0.0,0.0,0.0,2.0,unpleasant
0.0,0.0,0.0,1.0,pleasant
0.0,0.0,0.0,1.0,unpleasant
0.0,0.0,0.0,0.0,unpleasant
0.0,0.0,0.0,2.0,unpleasant
0.0,0.0,0.0,0.0,unpleasant
0.0,0.0,0.0,0.0,unpleasant
0.0,0.0,0.0,-1.0,pleasant
0.0,0.0,0.0,0.0,pleasant
0.55078125,1.41796875,0.1066978442302702,0.0,pleasant
0.0,0.0,0.0,3.0,unpleasant
0.0,0.0,0.0,1.0,unpleasant
0.0,0.0,0.0,2.0,pleasant
0.0,0.0,0.0,0.0,unpleasant
0.0,0.0,0.0,-2.0,pleasant
2.72265625,1.75,0.02698277816175398,-1.0,unpleasant
0.0,0.0,0.0,1.0,unpleasant
0.0,0.0,0.0,0.0,unpleasant
2.24609375,1.58203125,0.01584243611079428,2.0,unpleasant
0.0,0.0,0.0,4.0,pleasant
0.0,0.0,0.0,-1.0,unpleasant
0.0,0.0,0.0,0.0,pleasant
0.0,0.0,0.0,0.0,pleasant
0.0,0.0,0.0,-1.0,pleasant
0.0,0.0,0.0,1.0,pleasant
3.36328125,2.49609375,0.07572183109737463,2.0,pleasant
0.0,0.0,0.0,0.0,unpleasant
0.0,0.0,0.0,2.0,unpleasant
2.5234375,1.7734375,0.05452003961444785,2.0,pleasant
0.0,0.0,0.0,1.0,unpleasant
0.0,0.0,0.0,1.0,pleasant
0.0,0.0,0.0,2.0,unpleasant
0.0,0.0,0.0,1.0,unpleasant
0.0,0.0,0.0,0.0,pleasant
0.296875,1.03125,0.1252960673138386,-1.0,pleasant
0.0,0.0,0.0,1.0,unpleasant
0.0,0.0,0.0,2.0,pleasant
0.0,0.0,0.0,2.0,unpleasant
0.0,0.0,0.0,1.0,pleasant
0.0,0.0,0.0,-1.0,pleasant
0.0,0.0,0.0,-1.0,unpleasant
2.7421875,1.22265625,0.01587333007004643,1.0,unpleasant
0.0,0.0,0.0,1.0,unpleasant
0.0,0.0,0.0,0.0,unpleasant
0.0,0.0,0.0,-2.0,unpleasant
0.0,0.0,0.0,-2.0,pleasant
0.0,0.0,0.0,0.0,pleasant
0.0,0.0,0.0,0.0,pleasant
0.0,0.0,0.0,1.0,pleasant
2.2109375,1.78125,0.02423558072136367,2.0,unpleasant
0.0,0.0,0.0,-2.0,pleasant
0.0,0.0,0.0,3.0,unpleasant
0.0,0.0,0.0,4.0,unpleasant
0.0,0.0,0.0,1.0,unpleasant
0.0,0.0,0.0,1.0,unpleasant
0.0,0.0,0.0,0.0,pleasant
0.0,0.0,0.0,-1.0,unpleasant
0.0,0.0,0.0,3.0,pleasant
0.0,0.0,0.0,1.0,pleasant
0.0,0.0,0.0,3.0,pleasant
3.68359375,2.11328125,0.3305895441114837,2.0,pleasant
0.0,0.0,0.0,0.0,pleasant
0.0,0.0,0.0,1.0,pleasant
0.0,0.0,0.0,-2.0,pleasant
0.0,0.0,0.0,1.0,unpleasant
0.0,0.0,0.0,0.0,pleasant
1.80078125,2.03125,0.05562864072204587,1.0,pleasant
0.0,0.0,0.0,1.0,pleasant
0.0,0.0,0.0,-2.0,unpleasant
0.0,0.0,0.0,0.0,unpleasant
0.0,0.0,0.0,2.0,unpleasant
1.2109375,2.0234375,0.2511173081282454,3.0,unpleasant
1.80859375,3.35546875,0.1138973985216514,0.0,pleasant
2.1640625,1.6484375,0.1492501445216163,3.0,unpleasant
2.44140625,3.37890625,0.5564780507212719,2.0,unpleasant
1.0234375,0.7890625,0.02378449077151679,4.0,unpleasant
2.46875,1.8046875,0.02571586776515167,0.0,unpleasant
0.73046875,1.56640625,0.01664929827643924,2.0,unpleasant
0.515625,0.98828125,0.04821087608404317,2.0,unpleasant
2.59765625,2.16796875,0.06038396374187771,5.0,unpleasant
3.37109375,1.97265625,0.08022229272641335,0.0,pleasant
0.1796875,1.8203125,0.2261452527987875,2.0,unpleasant
0.0,0.0,0.0,2.0,pleasant
2.4921875,1.79296875,0.0599211977211298,5.0,pleasant
0.0,0.0,0.0,2.0,unpleasant
2.75,3.26171875,0.1002304882798657,2.0,unpleasant
0.7890625,1.12890625,0.03071254599280948,0.0,unpleasant
1.93359375,1.76953125,0.1062166368091035,2.0,unpleasant
0.2109375,7.38671875,0.8160878263864744,2.0,unpleasant
0.56640625,1.42578125,0.1523332694330506,5.0,pleasant
0.0,0.0,0.0,1.0,pleasant
3.359375,1.25390625,0.03465833563064891,1.0,unpleasant
0.0,0.0,0.0,-2.0,unpleasant
0.0,0.0,0.0,-2.0,pleasant
0.0,0.0,0.0,3.0,unpleasant
1.12890625,2.6484375,0.03924000146225914,0.0,pleasant
0.93359375,1.234375,0.03839841561005874,5.0,pleasant
0.0,0.0,0.0,2.0,unpleasant
1.96875,1.7734375,0.1337066014873964,1.0,unpleasant
0.453125,1.16015625,0.06123546517595146,4.0,unpleasant
3.125,3.28125,0.1294969348460322,2.0,unpleasant
3.27734375,2.0390625,0.1040000893816369,2.0,unpleasant
0.0,0.0,0.0,2.0,unpleasant
2.28515625,2.28515625,0.1236159168921391,4.0,pleasant
0.0,0.0,0.0,-2.0,unpleasant
2.89453125,1.50390625,0.1081837212828383,3.0,unpleasant
3.97265625,1.015625,0.03869564072550036,5.0,pleasant
0.171875,1.19921875,0.05528924891958242,6.0,pleasant
0.70703125,2.25390625,0.2160818151394337,2.0,unpleasant
2.60546875,1.7421875,0.08012339018952419,1.0,pleasant
0.0,0.0,0.0,1.0,pleasant
0.85546875,1.77734375,0.01791174471932733,5.0,unpleasant
3.796875,3.89453125,0.2587573201671534,3.0,unpleasant
0.70703125,2.00390625,0.06856974526479265,0.0,unpleasant
2.46484375,1.2109375,0.01413805961927062,4.0,pleasant
0.0,0.0,0.0,2.0,unpleasant
0.6015625,1.5625,0.1120632032317159,2.0,unpleasant
0.6953125,2.12890625,0.0277611113616234,0.0,pleasant
3.53515625,1.62109375,0.05822497757046152,3.0,unpleasant
0.75,1.09765625,0.02866160424852948,2.0,unpleasant
1.03125,1.9765625,0.1952426024286664,0.0,unpleasant
1.12109375,0.953125,0.03220451747687214,-1.0,pleasant
2.703125,2.85546875,0.1285063230045722,1.0,unpleasant
2.3125,1.8671875,0.1639553056070442,1.0,unpleasant
0.0,0.0,0.0,3.0,unpleasant
1.58203125,1.1015625,0.05381177094755651,0.0,unpleasant
2.15625,1.6328125,0.07058344228880786,3.0,unpleasant
3.15234375,0.9765625,0.01130990578399027,0.0,unpleasant
3.7109375,1.95703125,0.1880922929803712,0.0,pleasant
2.234375,2.54296875,0.147098662799884,3.0,unpleasant
0.0,0.0,0.0,2.0,unpleasant
2.54296875,1.12109375,0.04514211546588776,1.0,pleasant
0.0,0.0,0.0,2.0,unpleasant
1.4609375,3.30078125,0.2700117036965186,1.0,unpleasant
1.93359375,5.4765625,0.5685114568711787,1.0,unpleasant
0.0,0.0,0.0,1.0,unpleasant
3.578125,1.38671875,0.0644561479609016,2.0,unpleasant
0.0,0.0,0.0,-1.0,unpleasant
2.10546875,1.51953125,0.03505472537535814,1.0,pleasant
2.17578125,1.5390625,0.03099082367455575,2.0,unpleasant
0.0,0.0,0.0,-1.0,pleasant
3.375,2.19140625,0.3429143198345863,0.0,pleasant
3.53125,1.1171875,0.01471433733027583,0.0,pleasant
0.5703125,1.25390625,0.09318665738538989,-1.0,unpleasant
2.66796875,1.328125,0.0868811353669452,-1.0,pleasant
2.5,1.109375,0.01387109681015497,-2.0,unpleasant
0.0,0.0,0.0,3.0,pleasant
1.5,5.7890625,0.2918490545988566,0.0,pleasant
3.671875,1.2265625,0.0544564576389468,4.0,unpleasant
0.4921875,1.96875,0.09031077917402497,3.0,pleasant
0.0,0.0,0.0,2.0,pleasant
1.8359375,1.5,0.06576675148666489,2.0,unpleasant
3.96484375,1.515625,0.03072075014751396,5.0,unpleasant
2.7890625,1.56640625,0.02474846783324125,2.0,pleasant
0.0,0.0,0.0,2.0,pleasant
1.99609375,2.11328125,0.1180602851636334,-1.0,unpleasant
0.0,0.0,0.0,0.0,pleasant
1.54296875,5.0234375,0.2105409055923491,0.0,pleasant
2.30859375,1.8046875,0.03376231951045794,1.0,pleasant
0.0,0.0,0.0,-1.0,pleasant
3.5703125,1.24609375,0.08746528002313303,0.0,unpleasant
3.390625,1.5859375,0.1180033591900793,2.0,pleasant
0.0,0.0,0.0,1.0,unpleasant
3.90625,1.3046875,0.02944216217741635,2.0,unpleasant
0.67578125,1.87109375,0.05318727199850493,-1.0,unpleasant
0.2265625,1.64453125,0.02918756132713174,4.0,pleasant
0.0,0.0,0.0,6.0,unpleasant
0.0,0.0,0.0,1.0,pleasant
0.0,0.0,0.0,-1.0,unpleasant
2.73046875,1.91015625,0.02401941221086146,6.0,pleasant
0.0,0.0,0.0,0.0,pleasant
0.0,0.0,0.0,3.0,unpleasant
0.0,0.0,0.0,1.0,unpleasant
0.0,0.0,0.0,-1.0,unpleasant
2.5390625,1.74609375,0.09609442991030015,0.0,pleasant
1.1953125,0.97265625,0.06873926373546846,-1.0,pleasant
0.0,0.0,0.0,1.0,unpleasant
1.1640625,1.89453125,0.09626031475665098,2.0,unpleasant
3.51953125,1.23828125,0.01866036453441255,-1.0,unpleasant
3.70703125,1.8359375,0.0865734083448233,1.0,unpleasant
0.1640625,0.84375,0.02868311099213106,6.0,unpleasant
3.72265625,2.8203125,0.06557986993547482,1.0,unpleasant
1.08203125,5.03515625,0.6643621472277381,1.0,unpleasant
1.71875,3.74609375,0.3347034907092477,1.0,unpleasant
3.33203125,7.671875,0.5832526382884176,-1.0,unpleasant
0.05859375,5.6953125,0.2064774299733325,2.0,unpleasant
2.53515625,5.32421875,0.1350154119739426,1.0,unpleasant
3.21484375,2.921875,0.2647777986510911,1.0,pleasant
1.23828125,2.84375,0.4112651425525833,3.0,unpleasant
2.74609375,2.421875,0.03024418429796683,0.0,pleasant
2.31640625,3.640625,0.2171403087199,0.0,pleasant
0.23828125,5.22265625,0.3186152886025835,0.0,pleasant
1.28125,4.74609375,0.1461582982833143,1.0,unpleasant
0.5625,5.04296875,0.73700381075491,1.0,unpleasant
1.36328125,8.5625,0.4334300864748144,0.0,unpleasant
1.81640625,3.52734375,0.5918290246279128,0.0,unpleasant
1.28515625,4.2578125,0.3438052352032313,0.0,pleasant
2.6953125,2.9921875,0.115734619301139,1.0,unpleasant
1.015625,2.26171875,0.4581882339142687,1.0,unpleasant
0.95703125,8.34765625,0.4145930528877231,1.0,pleasant
2.89453125,2.6015625,0.2306646482332999,0.0,pleasant
0.0,0.0,0.0,0.0,pleasant
0.57421875,3.4609375,0.331396731367422,4.0,pleasant
2.23046875,4.34375,0.3390964775018719,1.0,pleasant
1.3515625,4.6328125,0.6370077340270615,1.0,pleasant
1.68359375,3.7890625,0.5062601862155134,0.0,pleasant
2.171875,3.5546875,0.181432194516284,0.0,unpleasant
2.67578125,3.3515625,0.2632424606703152,0.0,pleasant
1.25,4.69921875,0.132914438296408,1.0,pleasant
1.2734375,5.16796875,0.1245746687381635,1.0,pleasant
0.34375,5.1484375,0.5499307124490325,2.0,pleasant
0.21875,5.08984375,0.3024302000270458,2.0,pleasant
1.2421875,4.27734375,0.4024018688731887,2.0,unpleasant
1.7109375,1.54296875,0.2531305869832101,0.0,unpleasant
2.9765625,2.2109375,0.0750575628995449,-3.0,unpleasant
1.00390625,4.5234375,0.1897977287787467,0.0,unpleasant
0.0,0.0,0.0,-1.0,unpleasant
0.0,0.0,0.0,0.0,unpleasant
2.6171875,2.0859375,0.0581919828420574,0.0,pleasant
0.625,5.05859375,0.416137872082909,0.0,unpleasant
3.63671875,2.765625,0.1233475665784085,-2.0,unpleasant
2.2890625,3.84765625,0.4156967973291081,-2.0,pleasant
2.375,3.2265625,0.2369804789465637,-1.0,unpleasant
1.4296875,4.8515625,0.4440217624874325,0.0,pleasant
0.62890625,4.48046875,0.444437160949247,1.0,unpleasant
0.0,0.0,0.0,1.0,unpleasant
1.70703125,1.51953125,0.1212149934422837,2.0,unpleasant
0.328125,5.6875,0.508532144861984,0.0,unpleasant
2.796875,3.0859375,0.12018546041844,0.0,unpleasant
1.125,4.63671875,0.3467722955525159,4.0,unpleasant
0.51953125,3.41015625,0.5204854517867079,4.0,unpleasant
3.25390625,1.78125,0.2252321171294192,-1.0,unpleasant
3.24609375,3.4765625,0.08276479540258652,-1.0,pleasant
1.02734375,4.64453125,0.509298748313272,1.0,pleasant
0.96875,3.29296875,0.2848736912631837,2.0,pleasant
1.91015625,3.86328125,0.4433396366933939,1.0,pleasant
1.67578125,4.7890625,0.2322560905233799,-1.0,pleasant
2.375,3.84765625,0.2651087494334337,1.0,unpleasant
1.67578125,5.71875,0.2622701275953201,1.0,unpleasant
2.5546875,4.1953125,0.1942635370847992,2.0,unpleasant
0.21875,1.51953125,0.2221578989093143,5.0,unpleasant
1.82421875,1.94140625,0.2102169823676499,-2.0,pleasant
1.55078125,8.109375,1.353980488782098,0.0,unpleasant
0.78515625,4.50390625,0.5005906463935061,0.0,pleasant
0.046875,4.8671875,0.5090971270583196,2.0,unpleasant
2.87109375,3.8046875,0.08323067503917292,1.0,unpleasant
1.66796875,4.49609375,0.4613708912120931,0.0,pleasant
0.88671875,5.17578125,0.4072209417644292,0.0,unpleasant
2.0625,3.7890625,0.2444588750645065,1.0,unpleasant
1.55859375,3.9765625,0.387268275518152,1.0,unpleasant
1.515625,4.16015625,0.3549575073652256,1.0,unpleasant
0.0,0.0,0.0,-2.0,unpleasant
2.19140625,3.29296875,0.1221047836351969,0.0,pleasant
3.6953125,1.484375,0.1203355788876745,0.0,unpleasant
2.05078125,7.453125,0.197261732844527,0.0,unpleasant
1.09765625,5.51953125,0.191101001052286,1.0,unpleasant
2.30078125,3.81640625,0.3028179757224869,0.0,unpleasant
3.60546875,2.125,0.04301281487008612,-1.0,pleasant
0.0,0.0,0.0,-1.0,pleasant
1.65625,4.703125,0.1639116471470037,1.0,unpleasant
0.0,0.0,0.0,1.0,unpleasant
0.046875,4.9921875,0.1800793534278999,0.0,unpleasant
2.23046875,3.30859375,0.4653708878936862,0.0,pleasant
1.5078125,4.78125,0.5712749041547971,1.0,unpleasant
2.31640625,4.078125,0.3913115428957137,0.0,unpleasant
0.18359375,5.3828125,0.5971696736402086,-1.0,unpleasant
3.0546875,3.14453125,0.1910542392749965,-1.0,unpleasant
1.30859375,2.875,0.6278499766060359,-1.0,pleasant
1.3046875,5.5546875,0.4097087688686472,1.0,pleasant
2.17578125,2.55078125,0.4120933590478275,-1.0,pleasant
2.1875,4.0703125,0.3491161441646504,1.0,pleasant
2.84765625,3.3671875,0.1108887732751414,0.0,pleasant
1.1640625,3.7578125,0.662097255726867,-2.0,unpleasant
1.79296875,4.5234375,0.191189849301606,0.0,unpleasant
1.2734375,5.1015625,0.1991524135086515,3.0,unpleasant
1.73046875,3.2734375,0.552777736669329,3.0,unpleasant
2.69140625,2.6015625,0.08106176410832511,-1.0,pleasant
2.3515625,1.078125,0.04630274946208068,-2.0,unpleasant
2.0,2.921875,0.1294793055654235,3.0,unpleasant
1.1484375,3.6015625,0.5781833700103913,0.0,unpleasant
2.08203125,4.66015625,0.1788657709113255,0.0,unpleasant
0.0,0.0,0.0,0.0,unpleasant
0.0,0.0,0.0,0.0,unpleasant
0.0,0.0,0.0,0.0,unpleasant
0.0,0.0,0.0,1.0,unpleasant
0.0,0.0,0.0,0.0,unpleasant
0.0,0.0,0.0,0.0,pleasant
0.0,0.0,0.0,2.0,unpleasant
0.0,0.0,0.0,0.0,unpleasant
0.0,0.0,0.0,0.0,unpleasant
0.0,0.0,0.0,0.0,unpleasant
0.0,0.0,0.0,0.0,pleasant
0.0,0.0,0.0,0.0,unpleasant
0.0,0.0,0.0,0.0,pleasant
0.0,0.0,0.0,0.0,unpleasant
0.0,0.0,0.0,0.0,unpleasant
0.0,0.0,0.0,0.0,unpleasant
0.0,0.0,0.0,0.0,unpleasant
0.0,0.0,0.0,2.0,unpleasant
0.0,0.0,0.0,0.0,pleasant
0.0,0.0,0.0,0.0,unpleasant
0.0,0.0,0.0,0.0,unpleasant
0.0,0.0,0.0,0.0,unpleasant
0.0,0.0,0.0,0.0,unpleasant
2.234375,1.55078125,0.01355623879220857,2.0,pleasant
0.0,0.0,0.0,0.0,unpleasant
0.0,0.0,0.0,0.0,unpleasant
0.0,0.0,0.0,0.0,pleasant
0.0,0.0,0.0,0.0,pleasant
0.0,0.0,0.0,0.0,unpleasant
0.0,0.0,0.0,0.0,pleasant
0.0,0.0,0.0,1.0,unpleasant
0.0,0.0,0.0,0.0,unpleasant
0.0,0.0,0.0,0.0,unpleasant
0.0,0.0,0.0,0.0,pleasant
0.0,0.0,0.0,0.0,unpleasant
0.0,0.0,0.0,0.0,unpleasant
0.0,0.0,0.0,0.0,unpleasant
0.0,0.0,0.0,0.0,unpleasant
0.0,0.0,0.0,0.0,pleasant
0.0,0.0,0.0,0.0,unpleasant
0.0,0.0,0.0,0.0,unpleasant
0.0,0.0,0.0,0.0,unpleasant
0.0,0.0,0.0,-2.0,pleasant
0.0,0.0,0.0,0.0,pleasant
0.0,0.0,0.0,0.0,unpleasant
0.0,0.0,0.0,0.0,pleasant
0.0,0.0,0.0,0.0,unpleasant
0.0,0.0,0.0,0.0,unpleasant
0.0,0.0,0.0,0.0,pleasant
0.0,0.0,0.0,0.0,unpleasant
0.0,0.0,0.0,0.0,pleasant
0.0,0.0,0.0,0.0,unpleasant
0.0,0.0,0.0,0.0,pleasant
0.0,0.0,0.0,0.0,unpleasant
0.0,0.0,0.0,0.0,unpleasant
0.0,0.0,0.0,-2.0,pleasant
0.0,0.0,0.0,0.0,unpleasant
0.0,0.0,0.0,0.0,unpleasant
0.0,0.0,0.0,-1.0,pleasant
0.0,0.0,0.0,0.0,unpleasant
0.0,0.0,0.0,-1.0,unpleasant
0.0,0.0,0.0,0.0,pleasant
0.0,0.0,0.0,0.0,unpleasant
0.0,0.0,0.0,0.0,pleasant
0.0,0.0,0.0,0.0,unpleasant
0.0,0.0,0.0,0.0,unpleasant
0.0,0.0,0.0,0.0,pleasant
0.0,0.0,0.0,0.0,unpleasant
0.0,0.0,0.0,1.0,unpleasant
0.0,0.0,0.0,0.0,unpleasant
0.0,0.0,0.0,0.0,unpleasant
0.0,0.0,0.0,0.0,unpleasant
0.0,0.0,0.0,0.0,unpleasant
0.0,0.0,0.0,0.0,unpleasant
0.0,0.0,0.0,0.0,unpleasant
0.0,0.0,0.0,0.0,unpleasant
0.0,0.0,0.0,0.0,pleasant
0.0,0.0,0.0,0.0,unpleasant
0.0,0.0,0.0,0.0,unpleasant
0.0,0.0,0.0,0.0,unpleasant
0.0,0.0,0.0,2.0,unpleasant
0.0,0.0,0.0,0.0,unpleasant
0.0,0.0,0.0,0.0,pleasant
0.0,0.0,0.0,0.0,pleasant
0.0,0.0,0.0,0.0,unpleasant
0.0,0.0,0.0,0.0,pleasant
0.0,0.0,0.0,0.0,unpleasant
0.0,0.0,0.0,0.0,unpleasant
0.0,0.0,0.0,0.0,unpleasant
0.0,0.0,0.0,0.0,pleasant
0.0,0.0,0.0,0.0,pleasant
0.0,0.0,0.0,0.0,pleasant
0.0,0.0,0.0,-1.0,pleasant
0.0,0.0,0.0,0.0,unpleasant
0.0,0.0,0.0,0.0,unpleasant
0.0,0.0,0.0,0.0,pleasant
0.0,0.0,0.0,1.0,pleasant
0.0,0.0,0.0,0.0,pleasant
0.0,0.0,0.0,1.0,unpleasant
0.0,0.0,0.0,0.0,unpleasant
0.0,0.0,0.0,0.0,pleasant
0.0,0.0,0.0,0.0,unpleasant
0.0,0.0,0.0,0.0,unpleasant
0.0,0.0,0.0,0.0,unpleasant
0.0,0.0,0.0,0.0,unpleasant
0.0,0.0,0.0,1.0,unpleasant
0.23046875,5.88671875,0.2554987573227647,-1.0,unpleasant
0.27734375,2.4375,0.2354173060841751,2.0,pleasant
3.01171875,4.3828125,0.03424094533585786,0.0,unpleasant
1.42578125,5.0,0.3957389474291368,0.0,pleasant
0.5234375,3.890625,0.4472244635223617,0.0,unpleasant
2.671875,1.515625,0.1330579785352564,0.0,pleasant
1.48828125,2.49609375,0.1765087085930821,2.0,pleasant
0.0,0.0,0.0,-1.0,unpleasant
1.60546875,2.66015625,0.2431904369572875,2.0,pleasant
0.0,0.0,0.0,1.0,pleasant
0.03515625,1.06640625,0.0123715488465268,1.0,unpleasant
3.51953125,2.34375,0.01467453650147799,0.0,unpleasant
2.171875,4.38671875,0.304854980522923,0.0,pleasant
1.73046875,3.71875,0.0896314633167421,2.0,pleasant
2.46484375,2.71484375,0.07640361170555465,0.0,unpleasant
2.30859375,2.44921875,0.3463221063099367,-1.0,pleasant
0.0,0.0,0.0,0.0,unpleasant
2.2421875,1.55078125,0.01145948541673181,0.0,pleasant
0.0,0.0,0.0,1.0,unpleasant
0.08984375,1.98046875,0.0186053195346505,1.0,pleasant
2.421875,1.9140625,0.3453601695874573,-1.0,pleasant
0.0,0.0,0.0,5.0,unpleasant
2.296875,3.51171875,0.1179990485155342,-2.0,pleasant
0.94140625,1.625,0.01041439240516828,-3.0,pleasant
1.05078125,2.07421875,0.06716867075874156,-3.0,pleasant
0.0,0.0,0.0,1.0,unpleasant
1.0390625,2.3359375,0.173125589700255,0.0,unpleasant
1.64453125,2.125,0.231043124858602,1.0,pleasant
1.94140625,1.66796875,0.1803307114970445,-2.0,pleasant
0.0,0.0,0.0,-1.0,pleasant
0.76953125,3.83203125,0.3389980051352031,0.0,pleasant
2.8046875,2.7578125,0.108530838491268,-1.0,pleasant
0.0,0.0,0.0,-1.0,pleasant
1.25,3.0390625,0.1733435376961805,-2.0,unpleasant
2.1953125,3.4453125,0.04880225266453175,0.0,unpleasant
0.0,0.0,0.0,0.0,unpleasant
0.0,0.0,0.0,-1.0,pleasant
2.5078125,3.28515625,0.02033290514218877,0.0,unpleasant
0.0,0.0,0.0,-2.0,unpleasant
0.0,0.0,0.0,0.0,pleasant
3.765625,2.21484375,0.01169551394785151,0.0,pleasant
0.0,0.0,0.0,-3.0,pleasant
0.0,0.0,0.0,-1.0,pleasant
0.0,0.0,0.0,1.0,pleasant
2.50390625,3.3125,0.02843673743142783,0.0,unpleasant
0.7265625,3.42578125,0.05000356660674665,-1.0,unpleasant
0.0,0.0,0.0,1.0,pleasant
0.0,0.0,0.0,0.0,unpleasant
3.125,2.92578125,0.01473490925698218,0.0,unpleasant
1.34375,2.1640625,0.05825918984864797,1.0,unpleasant
0.0,0.0,0.0,0.0,pleasant
2.703125,2.98046875,0.2272481296694355,0.0,pleasant
0.0,0.0,0.0,0.0,pleasant
1.0390625,2.79296875,0.203475949937399,1.0,pleasant
0.796875,3.3515625,0.4765202263028714,-1.0,pleasant
2.40234375,3.01953125,0.05291802366208032,0.0,pleasant
2.3671875,0.94140625,0.06334675106058452,-1.0,pleasant
2.109375,3.28515625,0.2497141801674116,0.0,pleasant
3.8984375,1.5,0.2345792746563382,-2.0,pleasant
0.0,0.0,0.0,0.0,unpleasant
1.234375,3.2890625,0.3120880790943368,0.0,pleasant
0.0,0.0,0.0,-2.0,unpleasant
1.5703125,3.28125,0.6615412873961533,1.0,pleasant
0.0,0.0,0.0,0.0,unpleasant
2.1484375,3.7734375,0.04760773558496711,2.0,pleasant
0.0,0.0,0.0,0.0,unpleasant
0.0,0.0,0.0,0.0,pleasant
1.234375,2.4609375,0.03319205947348935,0.0,pleasant
0.171875,1.7734375,0.1837418458219724,0.0,pleasant
0.96484375,5.1953125,0.806369503645415,0.0,pleasant
1.73828125,2.0234375,0.1588724197189986,0.0,unpleasant
2.2578125,3.12109375,0.03163265235154078,0.0,unpleasant
0.0,0.0,0.0,-1.0,pleasant
0.0,0.0,0.0,1.0,pleasant
1.16015625,1.51953125,0.2741399725950675,0.0,unpleasant
0.9375,2.90234375,0.07110250995086553,0.0,unpleasant
0.0,0.0,0.0,1.0,unpleasant
0.6640625,1.59765625,0.2070909280109494,-1.0,pleasant
2.640625,1.265625,0.05570687722345347,-1.0,pleasant
0.0,0.0,0.0,-1.0,pleasant
0.0,0.0,0.0,0.0,pleasant
0.1171875,1.6953125,0.02929645760567179,0.0,unpleasant
0.0,0.0,0.0,-1.0,pleasant
0.16015625,1.68359375,0.2304068513978383,-1.0,pleasant
0.0,0.0,0.0,0.0,pleasant
0.2265625,3.41015625,0.1432279060383952,1.0,pleasant
2.24609375,3.8359375,0.3192997327664562,1.0,unpleasant
1.8671875,2.63671875,0.04905071965851016,0.0,unpleasant
3.1015625,5.01953125,0.07029210117020102,0.0,unpleasant
0.0,0.0,0.0,-1.0,unpleasant
0.0,0.0,0.0,-1.0,unpleasant
0.0,0.0,0.0,1.0,pleasant
0.0,0.0,0.0,-1.0,unpleasant
0.0,0.0,0.0,0.0,pleasant
0.0,0.0,0.0,0.0,pleasant
0.0,0.0,0.0,-3.0,pleasant
0.0,0.0,0.0,0.0,pleasant
1.375,2.25390625,0.07473399028824002,0.0,pleasant
0.0,0.0,0.0,0.0,unpleasant
1.6875,2.74609375,0.03341807977160227,-1.0,unpleasant
0.0,0.0,0.0,-1.0,pleasant
0.0,0.0,0.0,0.0,pleasant
2.15234375,4.55078125,0.6532497638601866,0.0,pleasant
0.0,0.0,0.0,-2.0,unpleasant
1.734375,3.140625,0.3050948444353678,0.0,unpleasant
0.0,0.0,0.0,2.0,unpleasant
1.78125,1.5859375,0.06292301263834554,-1.0,unpleasant
1.62109375,3.02734375,0.3367026871453227,0.0,unpleasant
1.51953125,3.10546875,0.1487911899836356,4.0,unpleasant
2.546875,2.02734375,0.01597782733565545,5.0,pleasant
0.52734375,3.4921875,0.2140858719531411,1.0,unpleasant
1.91796875,3.6171875,0.1720952130958158,1.0,unpleasant
1.73828125,1.90234375,0.04991300904441198,-1.0,unpleasant
1.91015625,1.87109375,0.01130633140750548,3.0,pleasant
2.72265625,4.02734375,0.019632179297706,0.0,unpleasant
0.0,0.0,0.0,0.0,pleasant
0.0,0.0,0.0,0.0,pleasant
1.765625,3.06640625,0.0545874245396909,2.0,pleasant
2.2890625,1.8203125,0.01081037359357806,0.0,unpleasant
2.8203125,3.8984375,0.03957417798573126,0.0,unpleasant
0.7421875,3.453125,0.1606177552021635,1.0,unpleasant
2.4921875,4.9140625,0.04026303414204768,1.0,unpleasant
1.6328125,2.19921875,0.05821705877438732,2.0,pleasant
0.0,0.0,0.0,-1.0,pleasant
0.0,0.0,0.0,0.0,pleasant
2.640625,1.96484375,0.01411186024178446,1.0,unpleasant
0.828125,2.890625,0.1312622527104006,1.0,pleasant
1.40234375,2.43359375,0.1091025628745772,2.0,pleasant
2.63671875,1.82421875,0.0110229654697227,-2.0,unpleasant
0.0,0.0,0.0,0.0,pleasant
0.3984375,4.17578125,0.04167621662625653,0.0,pleasant
1.5546875,2.7109375,0.09974604058505299,5.0,unpleasant
0.83203125,3.1640625,0.05799164142189306,1.0,pleasant
0.0,0.0,0.0,0.0,unpleasant
2.8046875,3.609375,0.3383775074587017,2.0,unpleasant
1.6875,2.73046875,0.2283504048000651,0.0,pleasant
2.51171875,2.60546875,0.01882334105967187,0.0,unpleasant
1.66015625,1.90625,0.09371750771973675,0.0,unpleasant
2.75,3.22265625,0.02178450378930752,0.0,pleasant
0.0,0.0,0.0,-2.0,pleasant
2.5546875,2.140625,0.01427445472462074,1.0,pleasant
0.0,0.0,0.0,0.0,pleasant
0.234375,3.01171875,0.01624229252014686,0.0,unpleasant
0.73828125,3.484375,0.2159048843338944,1.0,unpleasant
1.76171875,2.80078125,0.05710074236967699,0.0,unpleasant
0.0,0.0,0.0,0.0,unpleasant
2.171875,2.8046875,0.02358050102522258,1.0,pleasant
2.78125,2.1171875,0.03283192713151495,-1.0,pleasant
1.5390625,3.00390625,0.2574764422141689,1.0,unpleasant
0.0,0.0,0.0,1.0,pleasant
2.6171875,5.53515625,0.09896270050654166,0.0,unpleasant
0.0,0.0,0.0,0.0,pleasant
2.61328125,3.6953125,0.02356697769883753,-1.0,unpleasant
1.90234375,2.90234375,0.1663804654159251,4.0,unpleasant
3.37109375,6.375,0.05475847544332901,1.0,pleasant
1.92578125,2.3984375,0.01331795911014311,0.0,unpleasant
1.3359375,3.63671875,0.2798570264325393,0.0,unpleasant
2.5703125,2.5625,0.03034356507579239,1.0,pleasant
0.0,0.0,0.0,0.0,pleasant
0.0,0.0,0.0,0.0,unpleasant
1.51953125,2.06640625,0.0754446800760098,0.0,pleasant
0.0,0.0,0.0,1.0,unpleasant
0.0,0.0,0.0,0.0,pleasant
1.90234375,2.21484375,0.02833580744177189,1.0,pleasant
0.0,0.0,0.0,0.0,pleasant
0.16796875,2.33203125,0.02065220325460082,1.0,unpleasant
0.97265625,2.92578125,0.05430932893754492,2.0,unpleasant
1.84375,2.4453125,0.1180621714352081,1.0,unpleasant
3.8671875,9.578125,0.06053417859263943,0.0,unpleasant
2.71875,1.703125,0.01285125997051528,4.0,unpleasant
0.0,0.0,0.0,0.0,unpleasant
2.6171875,2.9765625,0.0235538930573066,0.0,unpleasant
1.90234375,2.00390625,0.03518571282777394,0.0,unpleasant
2.93359375,3.52734375,0.03584766547348328,0.0,pleasant
0.48046875,3.76171875,0.3519080415416969,0.0,pleasant
2.00390625,1.921875,0.03361883729967086,0.0,unpleasant
0.984375,3.06640625,0.08761949029348104,3.0,unpleasant
0.0,0.0,0.0,0.0,unpleasant
2.04296875,2.0,0.0440476491541999,2.0,unpleasant
1.6171875,3.25390625,0.2797007727978951,0.0,unpleasant
1.47265625,1.63671875,0.04322040948093098,1.0,unpleasant
1.58984375,3.18359375,0.105657361511047,0.0,pleasant
0.0,0.0,0.0,0.0,pleasant
1.96484375,1.7578125,0.01422071596963259,1.0,unpleasant
1.1171875,3.9140625,0.3232944391349644,-2.0,unpleasant
1.484375,3.5625,0.1789758504517314,-1.0,pleasant
0.0,0.0,0.0,0.0,pleasant
1.40625,2.81640625,0.2037542120177696,-1.0,pleasant
1.48828125,2.84375,0.02252894694689345,1.0,pleasant
1.3671875,3.01171875,0.1028788937198997,2.0,unpleasant
2.33203125,2.1171875,0.01670763274106268,2.0,pleasant
2.375,1.74609375,0.01931697302377744,1.0,unpleasant
0.0,0.0,0.0,1.0,unpleasant
2.7734375,3.1640625,0.01660854425242941,-1.0,unpleasant
2.3203125,2.5703125,0.03183454464837454,0.0,pleasant
0.0,0.0,0.0,0.0,unpleasant
2.12109375,2.0859375,0.01356473111944156,0.0,pleasant
0.0,0.0,0.0,2.0,pleasant
2.46875,2.75390625,0.01970941568891482,0.0,pleasant
0.0,0.0,0.0,1.0,pleasant
1.68359375,2.609375,0.1517344742942233,1.0,unpleasant
0.0,0.0,0.0,0.0,pleasant
2.3125,1.75,0.01981185449419343,0.0,unpleasant
2.38671875,2.046875,0.01332801318542431,-1.0,pleasant
0.0,0.0,0.0,0.0,pleasant
2.21875,1.6640625,0.01435284290195971,1.0,unpleasant
0.0,0.0,0.0,1.0,pleasant
2.046875,3.17578125,0.1123025811480907,1.0,pleasant
3.37890625,4.4296875,0.0256890156077384,-1.0,unpleasant
0.0,0.0,0.0,0.0,unpleasant
1.34765625,2.87890625,0.03925080612187593,1.0,unpleasant
0.70703125,4.44921875,0.2598925037991053,1.0,unpleasant
0.0,0.0,0.0,1.0,unpleasant
3.01171875,6.57421875,0.03466174151503176,0.0,pleasant
0.0,0.0,0.0,1.0,unpleasant
0.0,0.0,0.0,0.0,pleasant
0.0,0.0,0.0,0.0,unpleasant
0.5703125,3.19140625,0.01482549970291447,2.0,unpleasant
0.0,0.0,0.0,-1.0,unpleasant
0.0,0.0,0.0,0.0,unpleasant
0.0,0.0,0.0,0.0,unpleasant
0.0,0.0,0.0,0.0,unpleasant
0.0,0.0,0.0,0.0,unpleasant
0.0,0.0,0.0,2.0,unpleasant
0.0,0.0,0.0,0.0,unpleasant
0.0,0.0,0.0,0.0,unpleasant
0.0,0.0,0.0,1.0,unpleasant
0.0,0.0,0.0,0.0,unpleasant
0.0,0.0,0.0,0.0,pleasant
0.0,0.0,0.0,1.0,unpleasant
0.0,0.0,0.0,0.0,unpleasant
0.0,0.0,0.0,0.0,unpleasant
0.0,0.0,0.0,-1.0,unpleasant
0.0,0.0,0.0,0.0,unpleasant
0.0,0.0,0.0,-1.0,unpleasant
1.10546875,2.52734375,0.01440192118348593,0.0,pleasant
0.0,0.0,0.0,0.0,unpleasant
0.0,0.0,0.0,1.0,unpleasant
0.0,0.0,0.0,1.0,unpleasant
0.0,0.0,0.0,0.0,unpleasant
0.0,0.0,0.0,0.0,unpleasant
0.0,0.0,0.0,0.0,unpleasant
0.0,0.0,0.0,1.0,unpleasant
0.0,0.0,0.0,-2.0,pleasant
0.0,0.0,0.0,0.0,unpleasant
0.0,0.0,0.0,1.0,unpleasant
2.78125,4.609375,0.02476587272735109,-1.0,unpleasant
0.0,0.0,0.0,0.0,unpleasant
0.0,0.0,0.0,1.0,unpleasant
0.0,0.0,0.0,0.0,unpleasant
0.0,0.0,0.0,-1.0,unpleasant
0.0,0.0,0.0,0.0,unpleasant
0.0,0.0,0.0,0.0,unpleasant
0.0,0.0,0.0,0.0,unpleasant
0.0,0.0,0.0,0.0,unpleasant
0.0,0.0,0.0,1.0,pleasant
0.0,0.0,0.0,0.0,unpleasant
0.0,0.0,0.0,-1.0,pleasant
0.0,0.0,0.0,0.0,unpleasant
0.62109375,3.7421875,0.02063928098966472,0.0,pleasant
0.0,0.0,0.0,0.0,pleasant
0.0,0.0,0.0,0.0,pleasant
0.0,0.0,0.0,0.0,unpleasant
0.0,0.0,0.0,-1.0,unpleasant
0.0,0.0,0.0,0.0,pleasant
0.0,0.0,0.0,-1.0,pleasant
0.0,0.0,0.0,0.0,unpleasant
0.0,0.0,0.0,0.0,pleasant
0.0,0.0,0.0,0.0,unpleasant
0.0,0.0,0.0,0.0,unpleasant
0.0,0.0,0.0,0.0,unpleasant
0.0,0.0,0.0,0.0,unpleasant
0.0,0.0,0.0,-1.0,unpleasant
0.0,0.0,0.0,0.0,unpleasant
0.0,0.0,0.0,2.0,pleasant
0.0,0.0,0.0,-1.0,unpleasant
1.20703125,2.65625,0.01534086951776059,0.0,pleasant
0.0,0.0,0.0,0.0,pleasant
0.0,0.0,0.0,0.0,unpleasant
0.0,0.0,0.0,1.0,unpleasant
0.0,0.0,0.0,1.0,unpleasant
0.0,0.0,0.0,0.0,pleasant
0.0,0.0,0.0,-1.0,unpleasant
0.0,0.0,0.0,0.0,unpleasant
0.0,0.0,0.0,-2.0,unpleasant
0.0,0.0,0.0,0.0,unpleasant
0.0,0.0,0.0,0.0,unpleasant
0.0,0.0,0.0,1.0,unpleasant
0.0,0.0,0.0,0.0,pleasant
0.0,0.0,0.0,0.0,unpleasant
0.0,0.0,0.0,0.0,unpleasant
0.0,0.0,0.0,-1.0,pleasant
0.0,0.0,0.0,0.0,pleasant
0.0,0.0,0.0,0.0,unpleasant
0.0,0.0,0.0,0.0,unpleasant
0.0,0.0,0.0,0.0,unpleasant
0.83984375,7.3671875,0.05494670969803961,0.0,unpleasant
0.0,0.0,0.0,0.0,unpleasant
0.0,0.0,0.0,0.0,pleasant
0.0,0.0,0.0,1.0,unpleasant
0.0,0.0,0.0,0.0,pleasant
0.0,0.0,0.0,-1.0,pleasant
1.13671875,5.78515625,0.05428091830472659,1.0,pleasant
1.62109375,3.76953125,0.01457990804918274,1.0,pleasant
0.0,0.0,0.0,0.0,pleasant
0.0,0.0,0.0,-1.0,unpleasant
3.40234375,3.10546875,0.02958455582908071,0.0,pleasant
0.0,0.0,0.0,0.0,unpleasant
0.0,0.0,0.0,0.0,unpleasant
0.0,0.0,0.0,0.0,pleasant
0.0,0.0,0.0,0.0,pleasant
0.0,0.0,0.0,0.0,unpleasant
0.0,0.0,0.0,0.0,pleasant
0.0,0.0,0.0,0.0,unpleasant
0.0,0.0,0.0,0.0,unpleasant
0.0,0.0,0.0,1.0,unpleasant
0.0,0.0,0.0,0.0,unpleasant
0.0,0.0,0.0,0.0,pleasant
0.0,0.0,0.0,3.0,pleasant
0.0,0.0,0.0,1.0,pleasant
0.0,0.0,0.0,-3.0,unpleasant
0.0,0.0,0.0,0.0,unpleasant
1.1015625,3.13671875,0.07226341607306619,1.0,unpleasant
3.69921875,3.58203125,0.1464893177611577,0.0,pleasant
0.0,0.0,0.0,0.0,pleasant
0.0,0.0,0.0,-1.0,unpleasant
0.0,0.0,0.0,-1.0,pleasant
1.890625,1.8984375,0.1778981728875393,0.0,unpleasant
0.0,0.0,0.0,0.0,unpleasant
0.0,0.0,0.0,-1.0,pleasant
0.0,0.0,0.0,2.0,unpleasant
0.640625,2.66015625,0.3468039579482642,1.0,pleasant
0.6171875,2.46484375,0.07912331972904707,2.0,pleasant
1.94140625,6.2109375,0.166455855692637,1.0,unpleasant
2.23046875,1.42578125,0.02808310874036213,3.0,unpleasant
0.0,0.0,0.0,0.0,unpleasant
0.96875,2.32421875,0.05214183167122899,2.0,pleasant
0.4609375,1.9609375,0.1133210131201854,2.0,pleasant
0.0,0.0,0.0,1.0,unpleasant
0.0,0.0,0.0,3.0,pleasant
2.5703125,0.95703125,0.01176542074572984,1.0,pleasant
0.48828125,1.90625,0.2877532732126484,1.0,unpleasant
0.0,0.0,0.0,1.0,unpleasant
2.37109375,1.68359375,0.1453059148189331,0.0,unpleasant
0.0,0.0,0.0,1.0,pleasant
0.0,0.0,0.0,1.0,unpleasant
0.0,0.0,0.0,0.0,unpleasant
0.0,0.0,0.0,1.0,unpleasant
0.0,0.0,0.0,3.0,pleasant
0.0,0.0,0.0,3.0,pleasant
1.23046875,2.68359375,0.02070651708896221,2.0,unpleasant
0.0,0.0,0.0,1.0,unpleasant
0.0,0.0,0.0,1.0,unpleasant
0.0,0.0,0.0,2.0,pleasant
0.3125,1.625,0.05957652442768291,-1.0,unpleasant
3.40625,1.1328125,0.01944185226604889,1.0,pleasant
0.0,0.0,0.0,-1.0,pleasant
0.0,0.0,0.0,1.0,unpleasant
0.0,0.0,0.0,1.0,unpleasant
2.140625,1.52734375,0.07501193795499272,1.0,unpleasant
0.0,0.0,0.0,1.0,pleasant
0.0,0.0,0.0,0.0,pleasant
0.0,0.0,0.0,1.0,unpleasant
0.0,0.0,0.0,1.0,unpleasant
0.0,0.0,0.0,0.0,unpleasant
0.0,0.0,0.0,-1.0,pleasant
0.0,0.0,0.0,0.0,pleasant
0.0,0.0,0.0,0.0,pleasant
0.0,0.0,0.0,2.0,unpleasant
0.0,0.0,0.0,2.0,unpleasant
0.0,0.0,0.0,2.0,pleasant
0.0,0.0,0.0,3.0,unpleasant
0.5546875,1.0,0.04340167886999069,2.0,pleasant
1.59375,1.921875,0.08741156459044408,1.0,pleasant
0.0,0.0,0.0,2.0,unpleasant
0.0,0.0,0.0,2.0,unpleasant
3.12890625,2.0,0.03732452623055416,1.0,unpleasant
2.4453125,1.05078125,0.02612010138106502,0.0,pleasant
0.0,0.0,0.0,4.0,unpleasant
0.0,0.0,0.0,0.0,pleasant
3.46484375,3.6796875,0.0650708091332568,1.0,unpleasant
0.0,0.0,0.0,1.0,pleasant
0.0,0.0,0.0,-1.0,pleasant
0.0,0.0,0.0,-1.0,pleasant
0.0,0.0,0.0,0.0,unpleasant
0.0,0.0,0.0,1.0,unpleasant
0.0,0.0,0.0,3.0,pleasant
0.0,0.0,0.0,0.0,unpleasant
0.0,0.0,0.0,0.0,unpleasant
2.62109375,1.234375,0.1282942372190345,1.0,unpleasant
0.0,0.0,0.0,0.0,unpleasant
0.0,0.0,0.0,0.0,pleasant
0.0,0.0,0.0,0.0,unpleasant
0.0,0.0,0.0,1.0,pleasant
0.0,0.0,0.0,1.0,pleasant
2.73046875,1.80078125,0.04493017639053631,2.0,pleasant
0.0,0.0,0.0,1.0,pleasant
3.7265625,1.78515625,0.06975897603797954,1.0,pleasant
0.0,0.0,0.0,1.0,unpleasant
0.0,0.0,0.0,3.0,unpleasant
0.59375,1.7734375,0.2060182372067518,3.0,pleasant
1.39453125,1.73828125,0.01749218684818366,2.0,unpleasant
0.0,0.0,0.0,0.0,pleasant
2.625,1.77734375,0.05160420123533882,1.0,pleasant
0.0,0.0,0.0,-1.0,unpleasant
0.0,0.0,0.0,0.0,pleasant
3.78515625,1.28515625,0.03660037574018471,1.0,pleasant
0.0,0.0,0.0,0.0,pleasant
1.453125,1.7734375,0.178513435296856,1.0,pleasant
0.0,0.0,0.0,-1.0,unpleasant
0.0,0.0,0.0,1.0,pleasant
0.0,0.0,0.0,0.0,pleasant
0.1796875,1.40234375,0.05862271720111956,4.0,pleasant
0.0,0.0,0.0,2.0,unpleasant
0.0,0.0,0.0,0.0,pleasant
0.78515625,3.94921875,0.2093664148932686,3.0,pleasant
0.0,0.0,0.0,1.0,pleasant
0.02734375,2.5078125,0.07431129858868246,0.0,unpleasant
0.0,0.0,0.0,-1.0,pleasant
0.0,0.0,0.0,-2.0,unpleasant
0.5,1.03515625,0.02033822813593922,2.0,unpleasant
2.51953125,3.1953125,0.2419955757221672,1.0,unpleasant
0.0,0.0,0.0,1.0,pleasant
0.546875,2.1328125,0.07787942499471678,-1.0,pleasant
0.34375,4.48828125,0.1173046587067121,0.0,unpleasant
2.046875,2.65625,0.1185830627430275,5.0,pleasant
0.0,0.0,0.0,3.0,pleasant
2.1796875,2.30078125,0.07410586586195356,1.0,pleasant
0.0,0.0,0.0,0.0,unpleasant
2.97265625,1.921875,0.01541764397915535,0.0,pleasant
3.3046875,2.7734375,0.05052981413995661,3.0,pleasant
2.7421875,4.70703125,0.1221387446331399,1.0,pleasant
2.953125,4.26953125,0.1571935956522441,5.0,unpleasant
0.0,0.0,0.0,3.0,pleasant
0.0,0.0,0.0,1.0,pleasant
1.35546875,3.4296875,0.02773159967395866,2.0,pleasant
1.7890625,2.3125,0.1537328804520364,0.0,pleasant
2.45703125,2.86328125,0.02739483374349438,2.0,unpleasant
1.82421875,6.4296875,0.1947437526828175,1.0,pleasant
3.74609375,2.2265625,0.01787925554868752,2.0,unpleasant
2.9453125,2.8515625,0.01464145175667975,0.0,pleasant
3.05859375,1.6484375,0.02809177888579506,1.0,pleasant
2.0,1.64453125,0.02151789915657298,-1.0,pleasant
3.49609375,1.25,0.01491136022473549,2.0,pleasant
0.0,0.0,0.0,1.0,pleasant
0.3671875,4.58203125,0.04238531471555262,1.0,pleasant
0.0,0.0,0.0,3.0,pleasant
1.99609375,4.8125,0.465739969808781,-1.0,pleasant
0.0,0.0,0.0,-2.0,pleasant
2.859375,4.40625,0.03856272677678407,1.0,unpleasant
0.0,0.0,0.0,0.0,unpleasant
2.26953125,3.8828125,0.05885375284516958,0.0,pleasant
2.58203125,4.09765625,0.1137439364231574,0.0,pleasant
0.0,0.0,0.0,1.0,unpleasant
0.0,0.0,0.0,0.0,pleasant
2.8359375,2.046875,0.01549375334816849,1.0,pleasant
0.4921875,3.84375,0.1286560067004123,2.0,pleasant
0.0,0.0,0.0,-1.0,unpleasant
2.28125,1.4296875,0.01970827415493015,0.0,pleasant
1.8359375,3.5546875,0.0386605992899639,1.0,pleasant
2.60546875,6.50390625,0.1346457536433623,0.0,pleasant
0.0,0.0,0.0,-1.0,pleasant
0.0,0.0,0.0,2.0,pleasant
1.80859375,4.9296875,0.1846135419173984,0.0,unpleasant
3.4375,3.27734375,0.03164004463655945,2.0,pleasant
0.0,0.0,0.0,0.0,unpleasant
3.44921875,3.0625,0.06913250097891765,3.0,pleasant
0.0,0.0,0.0,2.0,unpleasant
0.78125,5.24609375,0.09492911341755672,0.0,pleasant
1.5234375,4.06640625,0.1526549833080688,2.0,pleasant
1.234375,4.59765625,0.07872986402385695,1.0,pleasant
1.0546875,2.6953125,0.1071575331682482,1.0,unpleasant
3.0234375,4.3671875,0.1176657129379912,0.0,unpleasant
3.0,2.90625,0.02033454391785416,3.0,pleasant
2.390625,2.8671875,0.0407107431441045,0.0,pleasant
2.1328125,6.63671875,0.4413125278725274,1.0,unpleasant
0.0,0.0,0.0,1.0,pleasant
3.3203125,2.70703125,0.04776386155258483,2.0,pleasant
0.0,0.0,0.0,1.0,pleasant
3.33984375,4.4140625,0.05710171659766416,1.0,unpleasant
0.0,0.0,0.0,1.0,pleasant
2.82421875,3.80078125,0.06764320707017957,3.0,pleasant
2.53515625,6.4296875,0.1996480869744803,0.0,pleasant
2.21484375,4.36328125,0.1686384384347803,1.0,pleasant
1.8515625,1.43359375,0.01054102871252427,1.0,pleasant
2.1953125,7.3828125,0.175662796860656,1.0,pleasant
2.95703125,2.28515625,0.08638742226576013,1.0,pleasant
2.7578125,2.1015625,0.03664864895507458,-1.0,pleasant
0.0,0.0,0.0,0.0,unpleasant
2.046875,3.35546875,0.09892813415424362,1.0,pleasant
0.0,0.0,0.0,3.0,pleasant
0.88671875,3.34375,0.03172073694907884,0.0,pleasant
0.0,0.0,0.0,1.0,pleasant
0.0,0.0,0.0,0.0,pleasant
0.0,0.0,0.0,-1.0,pleasant
0.0,0.0,0.0,2.0,unpleasant
1.796875,5.421875,0.7285218687852899,0.0,pleasant
0.0,0.0,0.0,0.0,unpleasant
0.0,0.0,0.0,5.0,pleasant
0.7578125,7.48828125,0.1888960587269749,0.0,pleasant
0.0,0.0,0.0,-1.0,pleasant
0.359375,3.8515625,0.07768781798799718,1.0,pleasant
0.0,0.0,0.0,0.0,pleasant
0.0,0.0,0.0,0.0,pleasant
0.0,0.0,0.0,2.0,pleasant
2.05078125,2.203125,0.02770541940272886,0.0,pleasant
0.2109375,3.46875,0.2891736223024512,-1.0,pleasant
2.57421875,5.8125,0.2280716502140085,0.0,pleasant
0.0,0.0,0.0,0.0,pleasant
1.77734375,4.77734375,0.0473855347995833,0.0,pleasant
1.35546875,2.60546875,0.02680209683665757,2.0,pleasant
0.0,0.0,0.0,0.0,pleasant
0.0,0.0,0.0,0.0,pleasant
3.26953125,4.546875,0.1249780642508752,0.0,pleasant
0.0,0.0,0.0,0.0,pleasant
0.0,0.0,0.0,0.0,pleasant
0.0,0.0,0.0,0.0,pleasant
0.0,0.0,0.0,0.0,pleasant
0.0,0.0,0.0,-1.0,unpleasant
0.0,0.0,0.0,0.0,unpleasant
0.0,0.0,0.0,0.0,unpleasant
0.0,0.0,0.0,0.0,unpleasant
0.0,0.0,0.0,0.0,unpleasant
0.0,0.0,0.0,0.0,unpleasant
0.0,0.0,0.0,0.0,pleasant
0.0,0.0,0.0,1.0,pleasant
0.0,0.0,0.0,1.0,pleasant
0.0,0.0,0.0,0.0,unpleasant
0.0,0.0,0.0,0.0,pleasant
0.0,0.0,0.0,0.0,pleasant
0.0,0.0,0.0,0.0,unpleasant
0.0,0.0,0.0,0.0,pleasant
0.0,0.0,0.0,0.0,pleasant
0.0,0.0,0.0,0.0,unpleasant
0.0,0.0,0.0,0.0,pleasant
0.0,0.0,0.0,0.0,pleasant
0.0,0.0,0.0,0.0,pleasant
0.0,0.0,0.0,0.0,pleasant
0.0,0.0,0.0,0.0,unpleasant
0.0,0.0,0.0,1.0,pleasant
0.0,0.0,0.0,0.0,pleasant
0.0,0.0,0.0,0.0,pleasant
0.0,0.0,0.0,0.0,unpleasant
0.0,0.0,0.0,0.0,pleasant
0.0,0.0,0.0,0.0,pleasant
0.0,0.0,0.0,0.0,unpleasant
0.0,0.0,0.0,0.0,pleasant
0.0,0.0,0.0,0.0,pleasant
0.0,0.0,0.0,0.0,pleasant
0.0,0.0,0.0,0.0,pleasant
3.95703125,0.9453125,0.01213742320049771,2.0,pleasant
0.0,0.0,0.0,0.0,pleasant
0.0,0.0,0.0,0.0,pleasant
0.0,0.0,0.0,0.0,pleasant
0.0,0.0,0.0,0.0,unpleasant
0.0,0.0,0.0,0.0,unpleasant
0.0,0.0,0.0,0.0,pleasant
0.0,0.0,0.0,-1.0,pleasant
0.0,0.0,0.0,0.0,pleasant
0.0,0.0,0.0,0.0,unpleasant
0.0,0.0,0.0,0.0,pleasant
0.0,0.0,0.0,-1.0,pleasant
0.0,0.0,0.0,0.0,unpleasant
0.0,0.0,0.0,0.0,pleasant
0.0,0.0,0.0,0.0,unpleasant
0.0,0.0,0.0,0.0,unpleasant
0.0,0.0,0.0,0.0,pleasant
0.0,0.0,0.0,0.0,unpleasant
0.0,0.0,0.0,0.0,unpleasant
0.0,0.0,0.0,0.0,pleasant
0.0,0.0,0.0,0.0,pleasant
0.0,0.0,0.0,0.0,pleasant
0.0,0.0,0.0,0.0,pleasant
0.0,0.0,0.0,0.0,pleasant
0.0,0.0,0.0,0.0,pleasant
0.0,0.0,0.0,0.0,unpleasant
0.0,0.0,0.0,0.0,unpleasant
0.0,0.0,0.0,0.0,unpleasant
0.0,0.0,0.0,0.0,pleasant
0.0,0.0,0.0,0.0,pleasant
0.0,0.0,0.0,0.0,pleasant
0.0,0.0,0.0,0.0,pleasant
0.0,0.0,0.0,0.0,pleasant
0.0,0.0,0.0,0.0,pleasant
0.0,0.0,0.0,0.0,unpleasant
0.0,0.0,0.0,0.0,pleasant
0.0,0.0,0.0,0.0,unpleasant
0.0,0.0,0.0,0.0,pleasant
0.0,0.0,0.0,0.0,pleasant
0.0,0.0,0.0,0.0,pleasant
0.0,0.0,0.0,0.0,pleasant
0.0,0.0,0.0,0.0,pleasant
0.0,0.0,0.0,0.0,unpleasant
0.0,0.0,0.0,0.0,pleasant
0.0,0.0,0.0,2.0,pleasant
0.0,0.0,0.0,0.0,pleasant
0.0,0.0,0.0,0.0,pleasant
0.0,0.0,0.0,0.0,pleasant
0.0,0.0,0.0,0.0,pleasant
0.0,0.0,0.0,0.0,pleasant
0.0,0.0,0.0,0.0,unpleasant
0.0,0.0,0.0,1.0,pleasant
0.0,0.0,0.0,0.0,unpleasant
0.0,0.0,0.0,0.0,pleasant
0.0,0.0,0.0,0.0,pleasant
0.0,0.0,0.0,0.0,pleasant
0.0,0.0,0.0,0.0,pleasant
0.0,0.0,0.0,0.0,pleasant
0.0,0.0,0.0,0.0,unpleasant
0.0,0.0,0.0,0.0,pleasant
0.0,0.0,0.0,1.0,pleasant
0.0,0.0,0.0,0.0,pleasant
0.0,0.0,0.0,1.0,pleasant
0.0,0.0,0.0,0.0,pleasant
0.0,0.0,0.0,0.0,pleasant
0.0,0.0,0.0,0.0,unpleasant
0.0,0.0,0.0,0.0,pleasant
0.0,0.0,0.0,0.0,pleasant
0.0,0.0,0.0,0.0,unpleasant
0.0,0.0,0.0,0.0,pleasant
0.0,0.0,0.0,0.0,unpleasant
0.0,0.0,0.0,0.0,unpleasant
0.0,0.0,0.0,0.0,unpleasant
1.39453125,5.7265625,0.2777037958586941,-1.0,unpleasant
0.0,0.0,0.0,0.0,unpleasant
3.41015625,4.44921875,0.03391075521635045,0.0,unpleasant
3.25,5.21484375,0.06559411586325581,1.0,unpleasant
0.0,0.0,0.0,-1.0,pleasant
3.93359375,3.625,0.02065301884808202,-1.0,pleasant
2.8515625,8.1171875,0.1336347150027608,0.0,pleasant
1.26953125,6.56640625,0.1157296663057126,1.0,pleasant
0.0,0.0,0.0,1.0,pleasant
0.87109375,6.609375,0.1016965587715499,0.0,unpleasant
3.0703125,4.046875,0.02498404037229429,0.0,unpleasant
0.0,0.0,0.0,-1.0,unpleasant
0.0,0.0,0.0,-1.0,unpleasant
1.0,5.453125,0.0275661241064602,-1.0,pleasant
3.6328125,4.859375,0.05769571331492607,-1.0,pleasant
2.953125,7.90625,0.219723334744375,-1.0,unpleasant
0.0,0.0,0.0,0.0,unpleasant
3.046875,5.55078125,0.05674684724886236,-1.0,unpleasant
0.18359375,7.9765625,0.09674000864212795,0.0,unpleasant
2.90234375,3.625,0.04170894248949475,-2.0,pleasant
0.0,0.0,0.0,-1.0,pleasant
2.5703125,4.4140625,0.07125871790344696,1.0,pleasant
0.0,0.0,0.0,-1.0,pleasant
0.0,0.0,0.0,-1.0,unpleasant
0.0,0.0,0.0,0.0,unpleasant
0.0,0.0,0.0,0.0,unpleasant
3.71875,5.1484375,0.05146584901326778,-1.0,pleasant
2.8671875,5.85546875,0.09971715562511552,0.0,unpleasant
3.6875,2.8671875,0.01057862964755896,1.0,unpleasant
2.609375,5.54296875,0.06664033779848522,0.0,unpleasant
0.0,0.0,0.0,-1.0,pleasant
0.0,0.0,0.0,0.0,pleasant
0.43359375,6.13671875,0.0386889374056012,0.0,unpleasant
2.32421875,5.90234375,0.03857038683678815,0.0,unpleasant
0.0,0.0,0.0,1.0,pleasant
0.5859375,6.98046875,0.1879922845080331,0.0,unpleasant
3.12890625,5.35546875,0.0696857329874212,-1.0,unpleasant
0.58203125,6.703125,0.08781552769833612,0.0,pleasant
3.58984375,2.3125,0.01367067139413547,0.0,unpleasant
0.0,0.0,0.0,0.0,unpleasant
0.0,0.0,0.0,-1.0,unpleasant
2.91796875,3.84375,0.07764099494110832,1.0,unpleasant
0.0,0.0,0.0,-1.0,unpleasant
2.62890625,5.546875,0.05267479448656576,0.0,unpleasant
0.0,0.0,0.0,0.0,unpleasant
2.3515625,4.12890625,0.02355510202106514,0.0,pleasant
2.8046875,5.5390625,0.1703935474307396,-1.0,unpleasant
3.16796875,3.76953125,0.02561568823851279,-1.0,unpleasant
3.1171875,6.89453125,0.08771779062097584,-1.0,unpleasant
1.37890625,5.86328125,0.05070877695532361,0.0,unpleasant
0.0,0.0,0.0,0.0,pleasant
2.1796875,6.53125,0.06279506895632592,0.0,pleasant
2.859375,4.26953125,0.03491605013553922,0.0,unpleasant
0.0,0.0,0.0,1.0,pleasant
0.0,0.0,0.0,0.0,pleasant
0.8515625,8.4375,0.132692278609106,0.0,unpleasant
2.73046875,7.01953125,0.09442663748474511,0.0,unpleasant
0.0,0.0,0.0,0.0,unpleasant
0.0,0.0,0.0,-2.0,unpleasant
0.0,0.0,0.0,0.0,unpleasant
0.0,0.0,0.0,0.0,unpleasant
0.07421875,3.1796875,0.02181668480915877,0.0,unpleasant
3.203125,2.640625,0.01065695525102983,1.0,pleasant
3.75390625,3.4921875,0.01968524260803561,-1.0,pleasant
0.0,0.0,0.0,-1.0,pleasant
0.0,0.0,0.0,0.0,unpleasant
3.8046875,4.5703125,0.05646981778924065,0.0,unpleasant
2.0703125,5.88671875,0.2059976746844021,-1.0,unpleasant
0.0,0.0,0.0,-1.0,pleasant
0.0,0.0,0.0,-1.0,pleasant
1.80078125,6.421875,0.1594374056219463,0.0,unpleasant
0.0,0.0,0.0,0.0,pleasant
1.171875,5.3203125,0.08164501742087871,0.0,unpleasant
0.0,0.0,0.0,0.0,pleasant
0.0,0.0,0.0,1.0,pleasant
2.71875,2.81640625,0.01472505216350783,1.0,pleasant
0.0,0.0,0.0,-2.0,unpleasant
0.0,0.0,0.0,0.0,unpleasant
2.09765625,5.453125,0.168950890724235,1.0,unpleasant
3.40625,4.5,0.02957207609959212,-1.0,unpleasant
2.54296875,3.90234375,0.07746824946663633,0.0,unpleasant
0.0,0.0,0.0,0.0,pleasant
0.0,0.0,0.0,2.0,unpleasant
3.4609375,4.1484375,0.03258594064597231,0.0,pleasant
2.8203125,4.62109375,0.04664472599496006,0.0,unpleasant
0.0,0.0,0.0,0.0,unpleasant
2.5703125,4.36328125,0.06658319410035762,-1.0,pleasant
0.0,0.0,0.0,0.0,unpleasant
3.36328125,3.4140625,0.03866033886952858,0.0,pleasant
3.08203125,6.4765625,0.08274561228014221,1.0,pleasant
0.0,0.0,0.0,-1.0,pleasant
3.0703125,5.859375,0.06549709608862564,0.0,unpleasant
3.390625,4.015625,0.02970568973608723,0.0,pleasant
0.0,0.0,0.0,2.0,pleasant
1.78515625,5.09375,0.1273578050659383,0.0,pleasant
3.59765625,3.7109375,0.02972923388093363,0.0,pleasant
0.0,0.0,0.0,-1.0,pleasant
3.1796875,4.6484375,0.04690794386242714,0.0,unpleasant
3.93359375,4.40625,0.03076446926957255,-1.0,pleasant
0.109375,2.42578125,0.01178070400199038,1.0,unpleasant
0.0,0.0,0.0,0.0,unpleasant
3.203125,5.0234375,0.06976657644845252,1.0,pleasant
2.85546875,7.47265625,0.09980998961671506,1.0,unpleasant
0.0,0.0,0.0,0.0,unpleasant
0.0,0.0,0.0,0.0,pleasant
3.11328125,2.9921875,0.01158731560439824,1.0,unpleasant
3.1953125,5.43359375,0.02559447772943879,0.0,unpleasant
3.04296875,4.21484375,0.04138497363439436,0.0,unpleasant
2.0625,3.34765625,0.0229462228509778,-4.0,pleasant
0.0,0.0,0.0,1.0,pleasant
0.0,0.0,0.0,2.0,pleasant
2.6015625,2.21875,0.02758383678861187,-2.0,pleasant
0.0,0.0,0.0,-1.0,unpleasant
0.0,0.0,0.0,1.0,unpleasant
0.0,0.0,0.0,0.0,pleasant
0.0,0.0,0.0,0.0,unpleasant
2.00390625,3.484375,0.03465027653364194,0.0,unpleasant
0.0,0.0,0.0,0.0,pleasant
0.0,0.0,0.0,0.0,unpleasant
0.0,0.0,0.0,-1.0,unpleasant
0.0,0.0,0.0,1.0,pleasant
0.56640625,7.3515625,0.06234604733271998,2.0,pleasant
0.0,0.0,0.0,1.0,pleasant
0.0,0.0,0.0,0.0,pleasant
0.0,0.0,0.0,0.0,pleasant
0.0,0.0,0.0,0.0,unpleasant
2.26953125,2.98828125,0.0205361418213198,1.0,unpleasant
2.99609375,4.09375,0.03548444079380197,0.0,unpleasant
0.0,0.0,0.0,0.0,pleasant
0.0,0.0,0.0,-1.0,pleasant
0.0,0.0,0.0,0.0,unpleasant
0.0,0.0,0.0,1.0,unpleasant
0.0,0.0,0.0,-2.0,pleasant
0.0,0.0,0.0,0.0,pleasant
2.51953125,2.58203125,0.06543098590674068,0.0,pleasant
0.0,0.0,0.0,0.0,pleasant
0.0,0.0,0.0,4.0,unpleasant
0.0,0.0,0.0,0.0,pleasant
3.22265625,3.09765625,0.01172228041077228,0.0,unpleasant
0.0,0.0,0.0,-1.0,unpleasant
0.0,0.0,0.0,2.0,pleasant
0.0,0.0,0.0,0.0,pleasant
0.0,0.0,0.0,1.0,pleasant
0.0,0.0,0.0,-1.0,unpleasant
0.0,0.0,0.0,0.0,pleasant
0.0,0.0,0.0,2.0,unpleasant
0.0,0.0,0.0,0.0,unpleasant
0.8515625,2.3515625,0.0181989787005824,0.0,pleasant
0.0,0.0,0.0,2.0,unpleasant
0.0,0.0,0.0,0.0,pleasant
0.0,0.0,0.0,0.0,pleasant
0.0,0.0,0.0,1.0,pleasant
0.0,0.0,0.0,2.0,unpleasant
3.65234375,0.83984375,0.01102764495083497,1.0,pleasant
0.0,0.0,0.0,-1.0,pleasant
0.0,0.0,0.0,1.0,pleasant
0.0,0.0,0.0,0.0,pleasant
2.56640625,3.67578125,0.02963668997015867,0.0,pleasant
3.30859375,3.32421875,0.01836678290557603,1.0,unpleasant
0.0,0.0,0.0,1.0,unpleasant
0.0,0.0,0.0,0.0,pleasant
1.96875,3.67578125,0.1609875272096229,1.0,unpleasant
0.0,0.0,0.0,1.0,pleasant
0.0,0.0,0.0,0.0,pleasant
0.0,0.0,0.0,2.0,pleasant
0.0,0.0,0.0,0.0,pleasant
0.0,0.0,0.0,0.0,pleasant
0.0,0.0,0.0,0.0,pleasant
0.0,0.0,0.0,0.0,pleasant
3.75,0.81640625,0.01050651554386017,0.0,unpleasant
0.0,0.0,0.0,2.0,pleasant
0.0,0.0,0.0,0.0,unpleasant
0.0,0.0,0.0,0.0,pleasant
3.28515625,1.8125,0.02953957004708474,-1.0,pleasant
0.0,0.0,0.0,1.0,unpleasant
0.0,0.0,0.0,0.0,pleasant
0.0,0.0,0.0,1.0,unpleasant
0.0,0.0,0.0,0.0,pleasant
0.0,0.0,0.0,0.0,pleasant
0.0,0.0,0.0,0.0,pleasant
0.0,0.0,0.0,2.0,pleasant
0.0,0.0,0.0,0.0,pleasant
0.0,0.0,0.0,-1.0,pleasant
0.0,0.0,0.0,-1.0,unpleasant
0.0,0.0,0.0,-1.0,unpleasant
0.0,0.0,0.0,1.0,unpleasant
0.0,0.0,0.0,0.0,pleasant
1.62890625,4.6796875,0.01953112995809181,0.0,pleasant
0.0,0.0,0.0,0.0,pleasant
0.69921875,3.28515625,0.03082675502001098,1.0,pleasant
0.0,0.0,0.0,0.0,pleasant
0.0,0.0,0.0,0.0,pleasant
0.0,0.0,0.0,0.0,pleasant
0.0,0.0,0.0,0.0,pleasant
2.75390625,3.0390625,0.02768420137287608,-1.0,pleasant
0.0,0.0,0.0,1.0,pleasant
0.0,0.0,0.0,1.0,pleasant
3.28125,3.54296875,0.01666909110818471,0.0,pleasant
0.0,0.0,0.0,-1.0,pleasant
0.0,0.0,0.0,1.0,pleasant
0.0,0.0,0.0,-1.0,unpleasant
0.0,0.0,0.0,0.0,unpleasant
0.0,0.0,0.0,-1.0,pleasant
2.6015625,3.890625,0.05206909680718952,0.0,pleasant
1.48828125,3.78125,0.4591619992813234,1.0,unpleasant
0.0,0.0,0.0,0.0,unpleasant
0.0,0.0,0.0,0.0,pleasant
1.6796875,2.27734375,0.386719953246264,-1.0,unpleasant
2.1875,3.5625,0.6923766027670886,1.0,pleasant
3.8515625,4.2265625,0.02780023077782645,-1.0,pleasant
0.0,0.0,0.0,0.0,unpleasant
0.0,0.0,0.0,1.0,unpleasant
0.0,0.0,0.0,1.0,pleasant
1.48828125,4.01171875,0.135199655026486,-2.0,pleasant
1.8515625,1.703125,0.2597362870105142,0.0,pleasant
1.0078125,6.3671875,0.08884524024223661,0.0,pleasant
2.3515625,1.71484375,0.06767383559014917,1.0,unpleasant
0.0,0.0,0.0,0.0,unpleasant
0.0,0.0,0.0,2.0,pleasant
0.0,0.0,0.0,2.0,unpleasant
0.0,0.0,0.0,1.0,unpleasant
1.69140625,4.421875,0.68648548111311,1.0,unpleasant
0.0,0.0,0.0,1.0,unpleasant
0.0,0.0,0.0,0.0,unpleasant
1.55078125,3.609375,0.1211797993984387,-3.0,pleasant
2.9375,5.21875,0.1885904726621388,0.0,pleasant
1.0234375,5.16015625,0.4589645146174735,0.0,pleasant
0.0,0.0,0.0,1.0,pleasant
0.796875,4.48046875,0.2027199378837428,1.0,pleasant
0.0,0.0,0.0,-1.0,pleasant
0.0,0.0,0.0,2.0,unpleasant
0.0,0.0,0.0,0.0,unpleasant
0.0,0.0,0.0,0.0,unpleasant
0.8984375,3.85546875,0.445815896714973,1.0,pleasant
2.41796875,3.06640625,0.2446848250442546,0.0,unpleasant
1.84375,1.51953125,0.05871131602619739,-1.0,unpleasant
0.0,0.0,0.0,-2.0,pleasant
0.22265625,1.296875,0.02682517694834763,1.0,unpleasant
3.6328125,4.20703125,0.03777531248595745,0.0,unpleasant
0.0,0.0,0.0,0.0,pleasant
0.0,0.0,0.0,2.0,unpleasant
0.0,0.0,0.0,-1.0,pleasant
1.69921875,3.015625,0.1908092826398224,2.0,unpleasant
0.0,0.0,0.0,1.0,unpleasant
2.328125,3.1953125,0.3088910562929863,1.0,pleasant
1.15625,1.45703125,0.07258866143990383,1.0,unpleasant
0.0,0.0,0.0,1.0,pleasant
0.0,0.0,0.0,0.0,unpleasant
2.125,2.71875,0.5048200436261396,-1.0,unpleasant
0.0,0.0,0.0,2.0,unpleasant
0.0,0.0,0.0,0.0,pleasant
0.0,0.0,0.0,0.0,unpleasant
0.0,0.0,0.0,1.0,pleasant
2.30078125,1.08203125,0.02683693654716901,-1.0,unpleasant
2.046875,5.953125,0.6702127562185547,2.0,unpleasant
1.65625,4.02734375,0.2802887989239342,0.0,unpleasant
2.234375,7.4140625,0.06873155011611809,1.0,unpleasant
0.92578125,3.0546875,0.02265724986459094,-1.0,unpleasant
1.7109375,8.90625,0.808335000479774,0.0,unpleasant
1.6015625,5.34765625,0.3701774683893673,0.0,pleasant
0.0,0.0,0.0,0.0,pleasant
0.171875,10.4921875,0.2665109435106134,0.0,unpleasant
0.0,0.0,0.0,0.0,pleasant
3.39453125,7.765625,0.2106325283574784,1.0,unpleasant
2.203125,3.890625,0.1494580383042032,-1.0,unpleasant
0.671875,3.45703125,0.678012002733857,1.0,unpleasant
1.78125,7.6328125,0.118158922450851,0.0,pleasant
2.390625,4.015625,0.1222689859940214,-1.0,pleasant
2.0078125,4.8046875,0.9578575706121484,2.0,unpleasant
0.0,0.0,0.0,-1.0,unpleasant
0.0,0.0,0.0,0.0,pleasant
0.0,0.0,0.0,-1.0,unpleasant
0.0,0.0,0.0,1.0,unpleasant
2.66796875,1.90625,0.04634670880147951,-1.0,unpleasant
0.0,0.0,0.0,0.0,unpleasant
0.0,0.0,0.0,0.0,pleasant
1.39453125,4.765625,0.8433013028667102,1.0,pleasant
2.28515625,3.7578125,0.06854690295238686,1.0,unpleasant
2.16796875,4.17578125,0.3026625364263442,-1.0,pleasant
1.26171875,2.60546875,0.1039503017098997,-1.0,pleasant
0.0,0.0,0.0,-1.0,unpleasant
0.0,0.0,0.0,1.0,unpleasant
0.0,0.0,0.0,1.0,pleasant
3.55078125,2.5546875,0.08689639664143423,-1.0,pleasant
3.86328125,1.640625,0.0501469174058855,-1.0,pleasant
0.0,0.0,0.0,2.0,pleasant
3.42578125,1.52734375,0.03103393054183101,-1.0,pleasant
1.0234375,3.90625,0.6844372737066116,-1.0,unpleasant
0.0,0.0,0.0,1.0,pleasant
1.80859375,4.0390625,0.6948102081098364,-1.0,unpleasant
0.0,0.0,0.0,0.0,unpleasant
0.0,0.0,0.0,-1.0,pleasant
2.69140625,2.80078125,0.4536656261377625,0.0,pleasant
0.0,0.0,0.0,1.0,pleasant
0.0,0.0,0.0,-1.0,unpleasant
0.0,0.0,0.0,0.0,pleasant
2.51171875,2.7578125,0.3067572341587641,0.0,unpleasant
0.0,0.0,0.0,0.0,pleasant
0.0,0.0,0.0,2.0,pleasant
0.0,0.0,0.0,2.0,pleasant
0.0,0.0,0.0,0.0,unpleasant
0.0,0.0,0.0,-1.0,pleasant
0.0,0.0,0.0,-1.0,unpleasant
0.0,0.0,0.0,0.0,pleasant
0.0,0.0,0.0,-1.0,pleasant
0.0,0.0,0.0,2.0,unpleasant
0.0,0.0,0.0,0.0,pleasant
0.0,0.0,0.0,-1.0,unpleasant
0.33984375,1.7421875,0.04610569034809719,0.0,unpleasant
2.40234375,2.8828125,0.2805899838503301,1.0,unpleasant
3.94921875,3.44140625,0.01559892227120629,1.0,unpleasant
0.0,0.0,0.0,1.0,unpleasant
2.36328125,2.0078125,0.04536143517699887,-1.0,pleasant
0.0,0.0,0.0,2.0,unpleasant
0.0,0.0,0.0,4.0,unpleasant
0.0,0.0,0.0,2.0,unpleasant
0.0,0.0,0.0,2.0,unpleasant
0.0,0.0,0.0,1.0,pleasant
0.9140625,2.31640625,0.0301569563062507,1.0,pleasant
0.0,0.0,0.0,1.0,unpleasant
0.0,0.0,0.0,0.0,unpleasant
0.0,0.0,0.0,-1.0,unpleasant
0.0,0.0,0.0,0.0,pleasant
0.0,0.0,0.0,-1.0,unpleasant
3.38671875,3.8125,0.02422955770195734,2.0,unpleasant
1.91015625,2.81640625,0.02128493766444928,0.0,unpleasant
0.0,0.0,0.0,1.0,unpleasant
0.0,0.0,0.0,2.0,unpleasant
0.0,0.0,0.0,0.0,unpleasant
0.0,0.0,0.0,0.0,unpleasant
2.47265625,8.20703125,0.6128355842675002,0.0,unpleasant
0.0,0.0,0.0,2.0,pleasant
0.0,0.0,0.0,4.0,unpleasant
3.015625,0.75,0.01038183634559386,-2.0,pleasant
1.0234375,0.984375,0.01111802570735487,5.0,unpleasant
0.0,0.0,0.0,0.0,unpleasant
0.0,0.0,0.0,0.0,unpleasant
0.484375,4.2578125,0.114593245541311,0.0,unpleasant
0.0,0.0,0.0,1.0,unpleasant
0.0,0.0,0.0,-1.0,unpleasant
0.0,0.0,0.0,1.0,unpleasant
0.0,0.0,0.0,-2.0,pleasant
0.0,0.0,0.0,3.0,unpleasant
0.0,0.0,0.0,-2.0,unpleasant
0.0,0.0,0.0,-2.0,unpleasant
0.0,0.0,0.0,-1.0,pleasant
0.0,0.0,0.0,-1.0,unpleasant
0.71484375,1.609375,0.04705628820236685,-1.0,unpleasant
0.0,0.0,0.0,1.0,unpleasant
1.765625,1.6953125,0.02196827880834351,1.0,unpleasant
0.0,0.0,0.0,1.0,unpleasant
0.0,0.0,0.0,0.0,pleasant
0.0,0.0,0.0,-1.0,unpleasant
0.0,0.0,0.0,2.0,unpleasant
0.0,0.0,0.0,1.0,pleasant
0.0,0.0,0.0,2.0,unpleasant
0.0,0.0,0.0,1.0,pleasant
0.0,0.0,0.0,3.0,pleasant
0.0,0.0,0.0,-1.0,unpleasant
0.0,0.0,0.0,1.0,pleasant
0.97265625,4.2734375,0.4098147433244921,5.0,unpleasant
0.0,0.0,0.0,0.0,unpleasant
0.0,0.0,0.0,-1.0,pleasant
2.3203125,1.921875,0.02168579629264666,1.0,unpleasant
0.0,0.0,0.0,-1.0,unpleasant
0.0,0.0,0.0,0.0,unpleasant
0.0,0.0,0.0,0.0,unpleasant
0.0,0.0,0.0,1.0,unpleasant
3.3046875,3.88671875,0.217199314864569,0.0,pleasant
0.0,0.0,0.0,1.0,unpleasant
0.0,0.0,0.0,1.0,unpleasant
0.0,0.0,0.0,2.0,unpleasant
0.0,0.0,0.0,1.0,pleasant
0.0,0.0,0.0,0.0,unpleasant
0.0,0.0,0.0,1.0,unpleasant
0.0,0.0,0.0,0.0,pleasant
0.0,0.0,0.0,-1.0,pleasant
0.0,0.0,0.0,1.0,unpleasant
2.1484375,2.0234375,0.07602777407629491,1.0,pleasant
0.0,0.0,0.0,1.0,unpleasant
1.2421875,2.671875,0.1555912915659563,4.0,unpleasant
2.6328125,2.06640625,0.01914067924820584,1.0,unpleasant
0.31640625,2.44140625,0.1170869080778068,0.0,unpleasant
0.0,0.0,0.0,3.0,pleasant
0.0,0.0,0.0,2.0,unpleasant
0.0,0.0,0.0,1.0,unpleasant
0.0,0.0,0.0,2.0,pleasant
0.0,0.0,0.0,2.0,pleasant
3.3359375,1.48828125,0.03286368728456757,0.0,unpleasant
0.0,0.0,0.0,3.0,unpleasant
0.0,0.0,0.0,1.0,unpleasant
2.85546875,1.98828125,0.02985607884382935,-1.0,pleasant
0.0,0.0,0.0,3.0,unpleasant
0.91015625,2.0390625,0.04240617418951698,1.0,pleasant
0.11328125,1.2421875,0.01469741673709613,-2.0,unpleasant
0.0,0.0,0.0,0.0,unpleasant
0.0,0.0,0.0,0.0,unpleasant
0.0,0.0,0.0,0.0,pleasant
0.0,0.0,0.0,0.0,pleasant
0.0,0.0,0.0,3.0,pleasant
0.0,0.0,0.0,1.0,pleasant
0.0,0.0,0.0,0.0,pleasant
0.02734375,3.8671875,0.1069399418438006,3.0,pleasant
0.0,0.0,0.0,2.0,pleasant
0.57421875,2.36328125,0.03379772428719285,0.0,unpleasant
2.3828125,1.984375,0.0241803854402407,1.0,unpleasant
0.0,0.0,0.0,2.0,unpleasant
0.0,0.0,0.0,-1.0,pleasant
2.6015625,1.29296875,0.02323182532613322,2.0,unpleasant
0.0,0.0,0.0,-1.0,unpleasant
0.0,0.0,0.0,0.0,unpleasant
0.0,0.0,0.0,0.0,unpleasant
3.65625,2.55078125,0.05083990886498024,0.0,pleasant
0.0,0.0,0.0,3.0,unpleasant
0.0,0.0,0.0,0.0,unpleasant
0.0,0.0,0.0,0.0,unpleasant
2.09375,3.90234375,0.2529356151740891,-1.0,unpleasant
0.0,0.0,0.0,1.0,unpleasant
0.0,0.0,0.0,1.0,unpleasant
3.03515625,5.84375,0.08482422096138453,0.0,unpleasant
0.0,0.0,0.0,1.0,unpleasant
1.43359375,6.25390625,0.0656753466784108,0.0,unpleasant
3.26953125,3.0625,0.03318971556621531,1.0,pleasant
1.28515625,3.99609375,0.2246210887944156,-1.0,pleasant
0.0,0.0,0.0,0.0,unpleasant
1.55078125,3.5,0.1793317275323689,-2.0,unpleasant
2.25390625,5.234375,0.04840718972925528,0.0,unpleasant
0.0,0.0,0.0,0.0,pleasant
3.42578125,4.40625,0.04565776145055955,0.0,unpleasant
0.0,0.0,0.0,0.0,unpleasant
1.27734375,2.125,0.0453635611074612,-1.0,pleasant
3.0625,5.17578125,0.1216564421101138,1.0,unpleasant
1.28515625,4.05859375,0.2139717375597103,2.0,unpleasant
2.9375,5.07421875,0.05166326878063399,1.0,pleasant
0.0,0.0,0.0,0.0,pleasant
3.00390625,2.703125,0.09855385512091952,-1.0,pleasant
0.0,0.0,0.0,1.0,pleasant
0.26171875,2.2421875,0.1427779809244993,-1.0,pleasant
0.0,0.0,0.0,1.0,pleasant
0.0,0.0,0.0,0.0,unpleasant
0.0,0.0,0.0,0.0,unpleasant
0.0,0.0,0.0,0.0,unpleasant
1.0625,6.47265625,0.06500202691731838,0.0,pleasant
1.6953125,4.109375,0.2026953167539589,1.0,unpleasant
0.0,0.0,0.0,1.0,pleasant
0.0,0.0,0.0,0.0,pleasant
0.0,0.0,0.0,2.0,pleasant
0.0,0.0,0.0,0.0,pleasant
0.0,0.0,0.0,1.0,unpleasant
2.21875,4.6171875,0.3299139640264956,0.0,unpleasant
0.0,0.0,0.0,0.0,pleasant
0.74609375,3.6328125,0.1885861652552274,1.0,unpleasant
0.0,0.0,0.0,1.0,unpleasant
0.8359375,2.9140625,0.1605150263304556,-1.0,pleasant
1.11328125,4.24609375,0.1660784112287681,0.0,pleasant
3.31640625,7.890625,0.1197213564937076,0.0,pleasant
2.24609375,3.234375,0.1432376354285889,0.0,unpleasant
2.76953125,3.7578125,0.05788728413199662,-1.0,pleasant
3.44140625,4.97265625,0.03354709972318548,1.0,unpleasant
0.0,0.0,0.0,0.0,unpleasant
0.0,0.0,0.0,1.0,pleasant
2.109375,3.33984375,0.1147126980678217,-1.0,pleasant
0.0,0.0,0.0,0.0,unpleasant
1.97265625,4.17578125,0.3471000276938734,-1.0,unpleasant
3.1328125,5.03515625,0.04966781571687617,2.0,unpleasant
2.75390625,5.09375,0.1607518113469615,0.0,unpleasant
0.0,0.0,0.0,0.0,pleasant
0.0,0.0,0.0,0.0,pleasant
0.0,0.0,0.0,0.0,pleasant
2.6953125,5.09765625,0.02020021486897117,0.0,pleasant
0.0,0.0,0.0,0.0,pleasant
0.0,0.0,0.0,0.0,unpleasant
3.04296875,6.58203125,0.1197419832639515,0.0,unpleasant
3.578125,9.03125,0.09262082092191459,1.0,unpleasant
2.9296875,5.421875,0.07467929897110892,1.0,unpleasant
0.0,0.0,0.0,0.0,unpleasant
0.98046875,4.22265625,0.2564353231928149,1.0,pleasant
0.0,0.0,0.0,1.0,pleasant
0.0,0.0,0.0,1.0,pleasant
0.0,0.0,0.0,1.0,pleasant
0.0,0.0,0.0,0.0,pleasant
0.0,0.0,0.0,0.0,unpleasant
2.82421875,14.57421875,0.2812828347886561,0.0,unpleasant
0.0,0.0,0.0,-1.0,pleasant
2.7578125,3.31640625,0.0146834968382572,1.0,pleasant
0.0,0.0,0.0,0.0,pleasant
0.0,0.0,0.0,1.0,unpleasant
3.41015625,5.796875,0.04784311359004523,1.0,pleasant
2.0703125,2.015625,0.02042910561351197,-1.0,pleasant
0.0,0.0,0.0,0.0,unpleasant
0.0,0.0,0.0,0.0,pleasant
0.0,0.0,0.0,0.0,pleasant
0.0,0.0,0.0,0.0,pleasant
2.4609375,3.58984375,0.01973369043918338,0.0,unpleasant
0.96484375,5.36328125,0.4059251501839543,2.0,unpleasant
0.0,0.0,0.0,1.0,pleasant
1.3359375,5.921875,0.2973370058427989,3.0,unpleasant
0.0,0.0,0.0,1.0,unpleasant
0.0,0.0,0.0,0.0,unpleasant
3.03515625,2.68359375,0.01141874142993404,0.0,pleasant
0.0,0.0,0.0,2.0,pleasant
3.96875,3.73828125,0.02172274517917416,1.0,pleasant
0.0,0.0,0.0,0.0,pleasant
3.1171875,5.3203125,0.06966212539012995,1.0,unpleasant
0.96484375,5.8671875,0.3683391125818705,0.0,pleasant
0.0,0.0,0.0,-1.0,pleasant
0.0,0.0,0.0,0.0,pleasant
0.0,0.0,0.0,0.0,unpleasant
0.0,0.0,0.0,0.0,unpleasant
0.0,0.0,0.0,0.0,unpleasant
3.31640625,2.1328125,0.1164286627707405,1.0,pleasant
0.0,0.0,0.0,0.0,unpleasant
1.4765625,8.296875,0.0826669580983157,0.0,pleasant
0.0,0.0,0.0,0.0,unpleasant
0.0,0.0,0.0,0.0,pleasant
0.0,0.0,0.0,0.0,unpleasant
1.2578125,3.19140625,0.1706612507821785,2.0,unpleasant
0.0,0.0,0.0,0.0,unpleasant
3.5390625,2.4921875,0.1343685271154879,4.0,pleasant
1.8515625,2.62890625,0.0925708179754694,0.0,unpleasant
2.72265625,2.6484375,0.02274101545841711,2.0,unpleasant
0.0,0.0,0.0,2.0,unpleasant
0.0,0.0,0.0,3.0,unpleasant
0.0,0.0,0.0,1.0,pleasant
2.05859375,5.71875,0.1813073662380309,-1.0,unpleasant
0.0,0.0,0.0,3.0,pleasant
2.25390625,3.640625,0.0622366562488661,3.0,pleasant
2.58203125,0.52734375,0.01082570800505145,1.0,unpleasant
2.421875,2.2265625,0.06682202720124719,4.0,unpleasant
0.7265625,1.8359375,0.08619607381291128,1.0,pleasant
0.0,0.0,0.0,2.0,unpleasant
1.12890625,4.6953125,0.2432956075393253,4.0,unpleasant
0.0,0.0,0.0,2.0,pleasant
0.0,0.0,0.0,4.0,pleasant
1.72265625,3.9453125,0.2544147182250951,2.0,unpleasant
2.5390625,1.90234375,0.06209010446331398,2.0,unpleasant
1.109375,2.03515625,0.01142487016627514,2.0,pleasant
0.0,0.0,0.0,2.0,pleasant
1.94140625,4.53515625,0.1243764511291692,1.0,unpleasant
0.84765625,1.4453125,0.02347540143017746,1.0,unpleasant
2.33984375,3.53515625,0.0437591657713905,0.0,pleasant
0.0,0.0,0.0,0.0,unpleasant
0.0,0.0,0.0,1.0,unpleasant
0.0,0.0,0.0,-1.0,pleasant
3.63671875,2.1328125,0.0280680606599456,0.0,unpleasant
0.09765625,2.73046875,0.05981834572878064,3.0,pleasant
1.7734375,2.37890625,0.05181616997981098,5.0,unpleasant
1.9453125,2.38671875,0.01691082942322275,2.0,unpleasant
1.16796875,4.43359375,0.1351262117140903,2.0,pleasant
0.73828125,4.12890625,0.1564581229680546,4.0,pleasant
2.37109375,0.52734375,0.01011588202494174,1.0,pleasant
1.53125,2.390625,0.12759620909509,1.0,unpleasant
1.66015625,3.4375,0.1442711776497643,1.0,unpleasant
0.0,0.0,0.0,3.0,pleasant
1.7734375,3.72265625,0.06977633590631482,2.0,pleasant
1.296875,3.4140625,0.1191098609731047,1.0,unpleasant
1.96875,4.890625,0.1126782526096146,2.0,pleasant
0.0,0.0,0.0,4.0,unpleasant
0.12890625,3.50390625,0.01947595456525719,1.0,pleasant
0.0,0.0,0.0,1.0,pleasant
1.171875,5.484375,0.114097984643901,0.0,unpleasant
2.34765625,3.11328125,0.0788212409112754,-1.0,unpleasant
3.47265625,1.65234375,0.07361034640270958,2.0,unpleasant
0.0,0.0,0.0,1.0,unpleasant
2.13671875,3.640625,0.1095176467383208,-1.0,pleasant
0.0,0.0,0.0,4.0,unpleasant
0.0,0.0,0.0,1.0,pleasant
2.234375,3.34765625,0.07489998544294396,2.0,pleasant
1.4765625,4.12890625,0.124574295227873,2.0,unpleasant
1.52734375,3.76953125,0.1530895234511882,0.0,unpleasant
3.11328125,2.26171875,0.01391427807109757,1.0,pleasant
3.0859375,3.81640625,0.056925125768572,2.0,pleasant
0.0,0.0,0.0,2.0,pleasant
0.05078125,2.41796875,0.05458613394464717,3.0,pleasant
0.0,0.0,0.0,1.0,pleasant
0.0,0.0,0.0,0.0,unpleasant
1.30859375,2.4296875,0.01355872656345769,1.0,unpleasant
2.421875,4.35546875,0.1041086459368326,1.0,unpleasant
0.0,0.0,0.0,-2.0,pleasant
0.0,0.0,0.0,2.0,pleasant
0.53125,1.37890625,0.01043133952154385,3.0,unpleasant
0.9375,1.2578125,0.04100728880083837,6.0,pleasant
2.5078125,5.62109375,0.172607119069496,0.0,unpleasant
0.0,0.0,0.0,1.0,pleasant
1.671875,4.17578125,0.1361378741629196,2.0,pleasant
0.0,0.0,0.0,2.0,unpleasant
0.0,0.0,0.0,2.0,pleasant
0.0,0.0,0.0,0.0,unpleasant
0.0,0.0,0.0,4.0,pleasant
0.0,0.0,0.0,2.0,unpleasant
0.0,0.0,0.0,3.0,pleasant
0.0,0.0,0.0,0.0,pleasant
0.0,0.0,0.0,4.0,unpleasant
3.33984375,1.546875,0.01079565106223335,2.0,pleasant
0.0,0.0,0.0,3.0,unpleasant
0.0,0.0,0.0,1.0,pleasant
0.0,0.0,0.0,0.0,pleasant
3.3515625,3.03125,0.01660437928008363,6.0,pleasant
0.0,0.0,0.0,2.0,pleasant
0.75,3.046875,0.02662330925609724,5.0,pleasant
0.0,0.0,0.0,3.0,pleasant
0.03515625,2.2578125,0.07676639593778822,4.0,unpleasant
0.0,0.0,0.0,1.0,pleasant
0.0,0.0,0.0,1.0,unpleasant
1.63671875,3.6328125,0.1194823663519415,2.0,pleasant
2.890625,2.8671875,0.05658091614127758,0.0,pleasant
1.05859375,2.69140625,0.1176113103097789,3.0,pleasant
0.0,0.0,0.0,1.0,pleasant
0.0,0.0,0.0,0.0,pleasant
0.7578125,2.5859375,0.08653481446826405,1.0,pleasant
1.21484375,3.45703125,0.1148139600167932,4.0,pleasant
0.0,0.0,0.0,-1.0,pleasant
3.83984375,2.296875,0.0339519879302409,1.0,pleasant
2.40625,1.2421875,0.02419491406787544,1.0,pleasant
0.0,0.0,0.0,2.0,pleasant
0.0,0.0,0.0,0.0,pleasant
2.3359375,3.12109375,0.1119419339685959,1.0,pleasant
3.1640625,0.8125,0.01550342771861657,8.0,pleasant
1.6484375,2.984375,0.1383782965746239,2.0,pleasant
0.0,0.0,0.0,3.0,unpleasant
1.234375,2.09375,0.05893567510415187,2.0,pleasant
0.0,0.0,0.0,2.0,unpleasant
2.15234375,1.65234375,0.01882392073889472,3.0,unpleasant
2.83984375,3.4375,0.1298726806194233,2.0,unpleasant
0.0,0.0,0.0,1.0,pleasant
1.87109375,5.16015625,0.06885093844239076,1.0,pleasant
0.0,0.0,0.0,0.0,unpleasant
1.1328125,1.3125,0.07266863174442806,2.0,pleasant
2.55078125,4.20703125,0.1527913397876799,0.0,unpleasant
0.0,0.0,0.0,-2.0,unpleasant
0.0,0.0,0.0,0.0,pleasant
0.0,0.0,0.0,-1.0,unpleasant
0.98828125,1.94140625,0.3148411074990269,2.0,pleasant
0.0,0.0,0.0,0.0,pleasant
1.82421875,2.7578125,0.03991671386455731,1.0,pleasant
0.0,0.0,0.0,1.0,unpleasant
0.0,0.0,0.0,1.0,unpleasant
0.6953125,2.04296875,0.3619183709750664,3.0,unpleasant
3.38671875,6.390625,0.03965040059433789,0.0,unpleasant
0.0,0.0,0.0,-1.0,unpleasant
0.0,0.0,0.0,2.0,unpleasant
0.0,0.0,0.0,1.0,unpleasant
2.05859375,1.25390625,0.02153438924565676,0.0,pleasant
1.78125,3.3046875,0.08856730520804845,-1.0,unpleasant
0.09375,3.59765625,0.504868411445589,0.0,pleasant
0.0,0.0,0.0,-1.0,unpleasant
0.0,0.0,0.0,1.0,pleasant
0.0,0.0,0.0,2.0,unpleasant
2.1015625,3.40234375,0.03684582131102832,2.0,pleasant
2.421875,4.2109375,0.03116585258269899,0.0,unpleasant
0.0,0.0,0.0,1.0,pleasant
0.9921875,1.96875,0.3766110044964068,-1.0,unpleasant
0.0,0.0,0.0,1.0,unpleasant
0.7421875,2.23828125,0.0938405313177415,2.0,unpleasant
0.0,0.0,0.0,0.0,pleasant
0.7109375,3.078125,0.03687517648130223,-1.0,pleasant
2.0546875,2.7578125,0.01769722064524748,0.0,unpleasant
1.77734375,4.640625,0.03059648086243771,0.0,unpleasant
0.0,0.0,0.0,0.0,unpleasant
0.546875,1.78515625,0.5318638831692959,-1.0,pleasant
0.0,0.0,0.0,2.0,pleasant
2.6484375,1.91796875,0.01417006957294764,-1.0,unpleasant
0.0,0.0,0.0,0.0,unpleasant
0.0,0.0,0.0,-1.0,pleasant
0.0,0.0,0.0,1.0,pleasant
0.0,0.0,0.0,1.0,unpleasant
3.33984375,3.5,0.02339134647669816,0.0,unpleasant
0.0,0.0,0.0,0.0,pleasant
0.0,0.0,0.0,1.0,unpleasant
1.328125,1.7578125,0.107222127720862,1.0,pleasant
0.0,0.0,0.0,0.0,unpleasant
0.0,0.0,0.0,0.0,unpleasant
0.95703125,2.1953125,0.2727050191229767,3.0,unpleasant
0.0,0.0,0.0,0.0,unpleasant
0.0,0.0,0.0,0.0,unpleasant
2.58984375,3.07421875,0.01762959148807508,0.0,unpleasant
1.359375,2.5078125,0.06476127679316845,3.0,unpleasant
0.0,0.0,0.0,0.0,pleasant
0.0,0.0,0.0,0.0,pleasant
1.78125,3.94140625,0.03876643583032213,1.0,pleasant
0.0,0.0,0.0,1.0,unpleasant
1.890625,3.49609375,0.03940145901108982,2.0,pleasant
1.69921875,1.70703125,0.0677047245694824,1.0,unpleasant
0.0,0.0,0.0,3.0,unpleasant
0.0,0.0,0.0,1.0,pleasant
0.0,0.0,0.0,0.0,unpleasant
0.0,0.0,0.0,0.0,unpleasant
0.0,0.0,0.0,0.0,unpleasant
0.0,0.0,0.0,1.0,unpleasant
0.3671875,2.07421875,0.1911602477473631,2.0,pleasant
2.98828125,1.8515625,0.02695108536948343,2.0,pleasant
0.8515625,2.21875,0.1211951509405891,2.0,unpleasant
0.0,0.0,0.0,0.0,pleasant
0.0,0.0,0.0,1.0,unpleasant
0.0,0.0,0.0,1.0,pleasant
1.4609375,2.48046875,0.0633839371756173,0.0,pleasant
0.8984375,1.8046875,0.3603215667477615,0.0,unpleasant
1.61328125,2.44140625,0.1459950265443148,2.0,unpleasant
0.0,0.0,0.0,-1.0,unpleasant
0.0,0.0,0.0,1.0,unpleasant
0.0,0.0,0.0,0.0,unpleasant
0.71484375,1.59375,0.2608126337322147,1.0,pleasant
0.84765625,2.171875,0.3004326712770213,3.0,pleasant
2.703125,2.640625,0.0116143478798385,1.0,pleasant
0.3515625,3.1875,0.3212598751120668,2.0,pleasant
0.0,0.0,0.0,2.0,unpleasant
3.78515625,2.06640625,0.3398948997717701,0.0,pleasant
0.0,0.0,0.0,2.0,unpleasant
0.0,0.0,0.0,2.0,unpleasant
0.0,0.0,0.0,0.0,pleasant
0.0,0.0,0.0,0.0,pleasant
0.0,0.0,0.0,0.0,pleasant
0.0,0.0,0.0,0.0,unpleasant
2.6015625,4.23828125,0.031726606504213,1.0,pleasant
2.73828125,8.51171875,0.06926936059586142,0.0,pleasant
0.0,0.0,0.0,1.0,pleasant
0.0,0.0,0.0,1.0,pleasant
0.0,0.0,0.0,-1.0,unpleasant
0.0,0.0,0.0,2.0,pleasant
0.0,0.0,0.0,0.0,unpleasant
1.70703125,2.69140625,0.02557140287710502,1.0,pleasant
0.0,0.0,0.0,0.0,pleasant
0.0,0.0,0.0,0.0,unpleasant
0.0,0.0,0.0,0.0,pleasant
0.0,0.0,0.0,0.0,unpleasant
2.578125,2.44140625,0.01776534100313709,1.0,unpleasant
0.0,0.0,0.0,1.0,unpleasant
0.5625,2.5703125,0.3219627594141872,0.0,unpleasant
0.0,0.0,0.0,1.0,pleasant
0.0,0.0,0.0,-1.0,unpleasant
0.953125,4.03515625,0.1194638871424893,2.0,unpleasant
1.04296875,1.82421875,0.2217587418628912,0.0,unpleasant
3.6484375,2.3828125,0.165606528314834,1.0,unpleasant
0.0,0.0,0.0,0.0,unpleasant
1.69140625,4.40625,0.3605463382064338,1.0,pleasant
1.453125,6.44921875,0.4120734973641358,0.0,unpleasant
0.7265625,4.4921875,0.2731548512239026,3.0,unpleasant
0.58203125,3.296875,0.476058053269482,1.0,pleasant
0.03515625,5.7109375,0.4680692792043952,1.0,pleasant
0.890625,5.75390625,0.6601615651523371,0.0,pleasant
0.953125,4.00390625,0.5411455179039419,2.0,unpleasant
1.6953125,3.6875,0.2261550011059852,1.0,pleasant
0.203125,4.4921875,0.7433155909268587,2.0,unpleasant
1.8046875,3.6875,0.3215410656986022,0.0,unpleasant
1.53125,2.66796875,0.2473483539996606,0.0,unpleasant
0.83984375,5.26953125,0.464257933753909,1.0,pleasant
1.27734375,2.67578125,0.2505571997566984,2.0,pleasant
0.828125,5.515625,0.8701449236465972,2.0,pleasant
0.76953125,5.6328125,0.2454679784947482,-1.0,pleasant
0.0,0.0,0.0,0.0,unpleasant
1.09765625,4.09375,0.2453813256465422,0.0,pleasant
0.71484375,4.328125,0.2173572326766022,-1.0,pleasant
1.14453125,2.828125,0.5196450015022291,-1.0,unpleasant
0.8671875,2.203125,0.1391650920766323,1.0,unpleasant
1.31640625,5.34375,0.2962048551803773,0.0,unpleasant
1.01953125,5.4453125,0.4212247388091825,1.0,pleasant
1.47265625,2.515625,0.2562295491428905,2.0,unpleasant
0.0,0.0,0.0,1.0,pleasant
1.1953125,3.32421875,0.5421153209420049,2.0,pleasant
0.8515625,2.76171875,0.6571029332295713,1.0,unpleasant
0.59375,3.2578125,0.3077722336493287,1.0,unpleasant
1.2734375,5.4609375,0.1548663458168764,1.0,unpleasant
3.81640625,1.40234375,0.132687986729048,0.0,pleasant
1.0625,2.94921875,0.2808317093537309,-1.0,unpleasant
1.4921875,5.0859375,0.2423098776020369,1.0,unpleasant
1.5703125,5.1484375,0.3075314612221329,0.0,unpleasant
1.6328125,2.3828125,0.1774841485513705,3.0,pleasant
0.8515625,3.58984375,0.2587546922695756,1.0,pleasant
0.38671875,3.61328125,0.3101047699197543,1.0,pleasant
0.640625,4.78125,0.7504320520310617,1.0,unpleasant
1.35546875,4.359375,0.6876819728625221,1.0,pleasant
1.7890625,4.55078125,0.2731322025925345,1.0,pleasant
1.7734375,2.83984375,0.4859278457852136,0.0,unpleasant
2.59375,3.22265625,0.1102343076012422,-1.0,pleasant
1.1171875,2.85546875,0.06646071545570553,2.0,pleasant
0.6875,5.52734375,0.7493877102789905,1.0,unpleasant
1.1640625,2.6875,0.1833036416389859,2.0,pleasant
0.359375,4.62890625,0.5256694226851488,0.0,unpleasant
0.453125,4.4375,0.3422165221839131,3.0,unpleasant
0.19140625,4.43359375,0.5649489880159555,1.0,unpleasant
2.4375,2.921875,0.09558379016463858,2.0,unpleasant
2.1484375,3.7890625,0.1197103052175932,-1.0,unpleasant
1.8828125,2.1171875,0.255166383421219,0.0,pleasant
1.28515625,4.765625,0.5406843491570883,0.0,pleasant
0.9296875,6.30859375,0.2402429916840008,0.0,pleasant
0.0,0.0,0.0,0.0,pleasant
2.27734375,3.140625,0.1241204391035224,-1.0,unpleasant
0.6875,2.88671875,0.4295217247016174,0.0,unpleasant
0.0,0.0,0.0,0.0,unpleasant
1.7265625,2.73046875,0.4172391515028127,2.0,unpleasant
0.2421875,3.88671875,0.1813106834425378,2.0,pleasant
0.7265625,6.49609375,0.8506561640543346,0.0,unpleasant
1.16015625,1.96875,0.07435146505896917,0.0,unpleasant
0.0,0.0,0.0,0.0,unpleasant
0.9453125,4.453125,0.4644163016308915,2.0,pleasant
2.65625,3.21875,0.05629949478489915,-2.0,pleasant
0.4921875,2.41796875,0.2080440614185532,2.0,pleasant
1.49609375,2.6171875,0.06281199984461283,1.0,unpleasant
0.52734375,5.54296875,0.4244534586644655,0.0,pleasant
0.671875,4.02734375,0.5456596394331004,2.0,unpleasant
1.4375,4.77734375,0.552357904828892,1.0,pleasant
1.9140625,2.5546875,0.3493042629966214,3.0,unpleasant
0.0,0.0,0.0,0.0,pleasant
1.3828125,4.2265625,0.4107108120335994,1.0,pleasant
0.875,4.3046875,0.2964890145310595,2.0,unpleasant
0.859375,2.88671875,0.1549826616137977,0.0,pleasant
0.953125,2.0859375,0.04547208579568585,2.0,pleasant
0.4765625,5.65625,0.5389493610631386,1.0,pleasant
0.8359375,3.2890625,0.4358026180793022,0.0,pleasant
1.63671875,2.41015625,0.2155984447076802,0.0,unpleasant
1.3515625,3.7734375,0.5815763679168515,1.0,pleasant
0.78515625,4.47265625,0.2732953149838671,0.0,pleasant
1.93359375,1.88671875,0.3653807599294336,-1.0,pleasant
1.26171875,2.73828125,0.2316052576528074,1.0,unpleasant
1.484375,2.7578125,0.3282423800210506,0.0,pleasant
2.25390625,3.8125,0.0685852247927412,1.0,unpleasant
1.953125,2.20703125,0.1691793908644295,-1.0,pleasant
0.0,0.0,0.0,0.0,unpleasant
0.6484375,5.70703125,0.5776595661129085,2.0,pleasant
1.9609375,3.76171875,0.07976055649584923,1.0,unpleasant
1.86328125,2.82421875,0.6106984498812742,2.0,pleasant
2.5234375,3.6796875,0.2756725031474148,0.0,pleasant
1.4140625,2.78125,0.1524660651921192,3.0,unpleasant
0.6015625,3.48046875,0.1719718793560205,2.0,unpleasant
1.7265625,1.7265625,0.04062173166204364,0.0,pleasant
0.0,0.0,0.0,-1.0,pleasant
0.0,0.0,0.0,4.0,pleasant
0.7109375,5.1328125,0.4922723421117261,-1.0,pleasant
0.67578125,4.953125,0.3685296647777936,0.0,pleasant
0.3515625,3.26953125,0.3086933978780353,0.0,pleasant
1.74609375,3.3984375,0.4186758530217614,1.0,pleasant
1.12890625,3.02734375,0.2055990804015031,-1.0,unpleasant
2.76953125,2.6640625,0.2928226916094803,-1.0,unpleasant
0.0,0.0,0.0,0.0,unpleasant
0.0,0.0,0.0,-1.0,unpleasant
1.75390625,4.125,0.214092100599851,1.0,pleasant
1.56640625,2.86328125,0.2354970004337895,2.0,unpleasant
1.7109375,1.578125,0.02254621183544958,0.0,pleasant
3.77734375,2.97265625,0.05353872456129727,-1.0,pleasant
1.95703125,1.65625,0.08874135129370475,-1.0,unpleasant
2.64453125,3.4375,0.01904218990784678,0.0,unpleasant
1.078125,4.7578125,0.1017205140412664,1.0,unpleasant
0.0,0.0,0.0,-1.0,pleasant
1.453125,2.8046875,0.03546724667866896,1.0,unpleasant
3.453125,2.421875,0.02896966195881112,1.0,pleasant
2.01953125,2.8203125,0.06203136534057641,-1.0,unpleasant
1.8671875,3.40625,0.3126200718877814,1.0,pleasant
2.02734375,2.24609375,0.01362532036787412,0.0,unpleasant
0.0,0.0,0.0,0.0,pleasant
0.0,0.0,0.0,1.0,pleasant
1.73046875,4.42578125,0.2020577676065289,0.0,unpleasant
1.01171875,3.49609375,0.143120731069643,1.0,pleasant
0.0,0.0,0.0,-1.0,unpleasant
0.0,0.0,0.0,-1.0,unpleasant
1.171875,2.76953125,0.1738844915130688,1.0,pleasant
2.14453125,2.38671875,0.04117802178232788,1.0,pleasant
1.98828125,5.11328125,0.06060172416289977,2.0,pleasant
0.98828125,4.1796875,0.2342627313207881,0.0,pleasant
0.0,0.0,0.0,1.0,unpleasant
2.3203125,2.5,0.01768207105095043,1.0,pleasant
1.31640625,3.03125,0.1855017625908062,2.0,pleasant
0.32421875,3.2734375,0.1579700768979475,3.0,pleasant
1.41015625,5.19921875,0.2086902561891197,0.0,pleasant
1.68359375,2.80078125,0.1713946474740222,-1.0,unpleasant
0.95703125,2.86328125,0.1506774901578138,4.0,pleasant
0.0,0.0,0.0,0.0,pleasant
0.0,0.0,0.0,1.0,pleasant
0.0,0.0,0.0,1.0,unpleasant
2.5,4.54296875,0.07154837649229417,1.0,unpleasant
0.19140625,3.203125,0.1114439085677639,1.0,pleasant
0.85546875,2.71875,0.05687240414321071,1.0,pleasant
2.48828125,3.53515625,0.02473784081470598,0.0,unpleasant
1.09375,2.06640625,0.05094428274606577,-1.0,pleasant
2.40234375,4.23046875,0.2034830910078747,1.0,pleasant
0.0,0.0,0.0,2.0,unpleasant
1.56640625,5.30859375,0.1692762611796805,0.0,pleasant
1.6875,1.76953125,0.09088849885300476,0.0,pleasant
1.8359375,4.96484375,0.05738522482499298,1.0,pleasant
1.1953125,3.29296875,0.08559725964777698,0.0,pleasant
1.79296875,2.91015625,0.2426315451940952,0.0,pleasant
2.00390625,2.85546875,0.02766714310014429,0.0,pleasant
3.72265625,2.140625,0.02020455462649506,1.0,pleasant
0.0,0.0,0.0,-2.0,unpleasant
0.0,0.0,0.0,4.0,pleasant
0.0,0.0,0.0,-1.0,pleasant
1.828125,3.5078125,0.01584595093230834,0.0,unpleasant
2.0625,4.2578125,0.2883687845514091,-1.0,pleasant
0.234375,3.66796875,0.1272468909442603,0.0,pleasant
0.0,0.0,0.0,2.0,pleasant
1.875,4.1875,0.04566368389404274,1.0,pleasant
0.0,0.0,0.0,1.0,pleasant
2.48828125,3.45703125,0.1073796353731631,0.0,unpleasant
1.8515625,2.06640625,0.03115932111319308,1.0,unpleasant
0.56640625,3.61328125,0.2719103802040088,3.0,unpleasant
2.2265625,5.453125,0.0807071389092836,1.0,unpleasant
2.16796875,2.01171875,0.05124095288965402,1.0,pleasant
2.08203125,5.2578125,0.2240370179255687,1.0,pleasant
2.90234375,2.8515625,0.0427147171546205,1.0,unpleasant
1.921875,3.29296875,0.413051933393952,0.0,pleasant
1.78125,2.02734375,0.01957784767620629,1.0,pleasant
1.98046875,3.140625,0.1871599873464407,0.0,unpleasant
2.33203125,4.05859375,0.05042772094888348,0.0,unpleasant
0.97265625,3.6171875,0.08546069711420845,1.0,unpleasant
2.5390625,7.6953125,0.4197073465854018,0.0,unpleasant
0.25,3.12109375,0.1464445489087305,-1.0,pleasant
1.6015625,1.41796875,0.08832571431016056,-1.0,pleasant
1.8671875,2.6328125,0.1371916605523122,1.0,unpleasant
0.0,0.0,0.0,3.0,pleasant
0.80078125,6.0234375,0.3358270718760232,1.0,unpleasant
2.125,2.62890625,0.04640508063383919,2.0,unpleasant
1.765625,3.234375,0.1808085610577095,0.0,pleasant
1.91796875,1.546875,0.06164544649082737,1.0,pleasant
0.0,0.0,0.0,0.0,pleasant
0.0,0.0,0.0,-2.0,pleasant
1.59375,1.99609375,0.1473280986340324,0.0,unpleasant
2.3125,3.66796875,0.1294073410925694,1.0,unpleasant
1.84765625,3.671875,0.1358514538739874,0.0,unpleasant
1.35546875,2.68359375,0.1352754615287695,1.0,unpleasant
0.4609375,4.46875,0.04558219201577596,2.0,pleasant
0.0,0.0,0.0,-1.0,pleasant
3.1953125,4.3984375,0.1352883335939508,0.0,pleasant
0.0,0.0,0.0,0.0,pleasant
0.0,0.0,0.0,0.0,pleasant
0.11328125,2.57421875,0.1705518947439186,0.0,pleasant
2.28125,2.18359375,0.0276279864698028,1.0,pleasant
0.1484375,5.53125,0.5124259535131808,0.0,unpleasant
0.0,0.0,0.0,0.0,pleasant
0.0,0.0,0.0,0.0,pleasant
0.0,0.0,0.0,-1.0,pleasant
1.51171875,5.03125,0.1323017869262237,0.0,pleasant
3.4921875,2.12890625,0.1584245997699596,-2.0,pleasant
0.0,0.0,0.0,2.0,pleasant
2.3515625,4.35546875,0.1486310402377355,-1.0,pleasant
1.8515625,2.3046875,0.06706074877847246,3.0,pleasant
0.0,0.0,0.0,-2.0,pleasant
0.0,0.0,0.0,0.0,pleasant
2.046875,3.875,0.05271984071586289,0.0,unpleasant
1.35546875,3.1796875,0.4054728962876102,0.0,unpleasant
2.07421875,2.66796875,0.749102828217528,4.0,unpleasant
0.57421875,3.29296875,0.4350540316762308,1.0,pleasant
1.765625,2.9140625,0.7772621420377837,-1.0,unpleasant
0.0,0.0,0.0,1.0,unpleasant
1.6640625,2.83984375,0.9904480187709754,-2.0,pleasant
1.34375,2.63671875,0.8190082818554052,1.0,unpleasant
0.421875,4.2109375,0.3916243303717473,0.0,pleasant
0.76171875,2.875,0.3039010458173068,-1.0,pleasant
0.0,0.0,0.0,-1.0,unpleasant
0.0,0.0,0.0,-2.0,unpleasant
1.859375,1.46484375,0.4150430535598346,0.0,pleasant
0.0,0.0,0.0,0.0,unpleasant
0.07421875,4.35546875,0.691013917466063,3.0,pleasant
0.0,0.0,0.0,1.0,pleasant
1.69921875,2.8046875,0.9349887955018843,2.0,unpleasant
1.3671875,3.2890625,0.3772153949188943,1.0,unpleasant
1.6328125,2.58984375,1.105676856073533,2.0,unpleasant
0.0,0.0,0.0,-1.0,unpleasant
0.19140625,4.40234375,0.7064688721549146,0.0,pleasant
0.8828125,2.36328125,0.6743198534782944,-1.0,pleasant
0.81640625,3.76953125,0.3306294864254149,-2.0,pleasant
0.0,0.0,0.0,1.0,unpleasant
1.09375,4.0546875,0.8713166740706364,-1.0,unpleasant
0.0,0.0,0.0,0.0,unpleasant
0.765625,5.5234375,1.339538951968894,0.0,unpleasant
1.84375,2.03125,0.6786877155504398,-1.0,unpleasant
1.16796875,3.08203125,0.1451804140775079,1.0,unpleasant
1.9609375,2.51171875,0.2530947665758956,0.0,unpleasant
0.0,0.0,0.0,-1.0,pleasant
1.5390625,1.65625,0.1332451155964753,0.0,pleasant
1.2734375,3.34375,0.5076535430310041,-1.0,pleasant
1.5234375,2.19140625,0.6145809779225699,1.0,pleasant
1.58984375,2.08203125,0.4630201565323897,-2.0,unpleasant
1.85546875,2.75,0.7728617192415732,-1.0,unpleasant
0.9453125,3.81640625,0.2451090614648795,1.0,unpleasant
0.3515625,4.55859375,0.9533904337603591,2.0,pleasant
1.40234375,3.26953125,0.1866351218151563,0.0,pleasant
0.0,0.0,0.0,-1.0,pleasant
1.8046875,3.3125,0.2494006250047427,0.0,unpleasant
1.171875,2.74609375,0.6385103881321244,-1.0,unpleasant
1.65625,2.765625,0.7002495382505756,0.0,unpleasant
0.0,0.0,0.0,0.0,unpleasant
0.0,0.0,0.0,-1.0,unpleasant
1.890625,1.9375,0.6730186598413828,-1.0,unpleasant
0.0,0.0,0.0,-2.0,unpleasant
0.0,0.0,0.0,0.0,pleasant
0.3515625,3.046875,0.5707434339088253,-1.0,unpleasant
1.84375,1.796875,0.4423707689352676,2.0,unpleasant
0.0,0.0,0.0,0.0,pleasant
0.4296875,3.84375,0.7619736133911568,1.0,unpleasant
0.29296875,6.55859375,1.326869546134325,2.0,unpleasant
0.859375,3.6015625,0.3710185910388218,0.0,pleasant
1.0859375,2.8046875,0.6554155103586137,1.0,unpleasant
1.88671875,1.91015625,0.5987708258203508,-1.0,unpleasant
0.0,0.0,0.0,-1.0,unpleasant
0.6484375,2.90234375,0.5629196231311386,0.0,unpleasant
0.66796875,2.94140625,0.3391442274768464,-1.0,unpleasant
1.45703125,2.953125,0.611866151043162,0.0,pleasant
2.29296875,1.546875,0.3008410527687664,-1.0,unpleasant
1.6875,2.1640625,0.5708684240767157,1.0,unpleasant
2.44140625,2.90625,0.5009076370218155,1.0,pleasant
1.0703125,3.10546875,0.550476295853966,1.0,pleasant
0.11328125,4.3125,0.8444964939640385,4.0,pleasant
0.0,0.0,0.0,0.0,pleasant
1.12890625,3.37890625,1.339136636561197,1.0,pleasant
2.13671875,3.0,0.6776259034141128,3.0,pleasant
1.62109375,1.67578125,0.3290370399768352,0.0,unpleasant
0.0,0.0,0.0,0.0,pleasant
0.5859375,5.8984375,1.089544904930541,-2.0,unpleasant
0.0,0.0,0.0,0.0,unpleasant
1.95703125,2.0078125,0.5773420805381515,-2.0,unpleasant
0.34375,5.0234375,1.218295927476104,-1.0,pleasant
1.31640625,2.75,0.7089309887640458,0.0,pleasant
0.640625,3.58984375,0.2846904858826991,-1.0,pleasant
1.96484375,3.234375,0.5673848382527071,-1.0,pleasant
0.15234375,5.03515625,0.7168359989499609,0.0,unpleasant
0.11328125,4.54296875,0.5778397949737845,1.0,unpleasant
0.0,0.0,0.0,0.0,unpleasant
0.96875,3.3671875,0.7886476056552012,-1.0,pleasant
0.0,0.0,0.0,-1.0,pleasant
1.265625,3.09765625,0.5114119562573236,-1.0,unpleasant
0.0,0.0,0.0,-1.0,pleasant
1.0390625,2.7109375,0.2060518647672707,0.0,pleasant
0.890625,3.83203125,0.8911442725190826,0.0,pleasant
1.390625,3.02734375,0.7651297252444365,0.0,pleasant
0.0,0.0,0.0,0.0,pleasant
2.13671875,1.640625,0.5171051265968942,-3.0,pleasant
0.3203125,4.328125,0.9140360232469726,1.0,pleasant
0.0,0.0,0.0,0.0,pleasant
0.64453125,3.78125,0.3923168656917134,-2.0,unpleasant
1.125,2.9921875,0.5167031255391468,-1.0,pleasant
1.6953125,3.21875,1.186667060070035,2.0,pleasant
0.0,0.0,0.0,-2.0,pleasant
0.0,0.0,0.0,0.0,pleasant
1.7421875,2.3671875,0.4955304868250943,0.0,unpleasant
0.0,0.0,0.0,-2.0,pleasant
1.16015625,4.05859375,0.1160940923138762,1.0,pleasant
0.0,0.0,0.0,-2.0,unpleasant
0.0,0.0,0.0,1.0,unpleasant
0.0,0.0,0.0,0.0,unpleasant
0.0,0.0,0.0,1.0,unpleasant
0.0,0.0,0.0,0.0,unpleasant
0.0,0.0,0.0,2.0,unpleasant
3.140625,5.578125,0.1581472315079283,-1.0,pleasant
2.34765625,5.21875,0.2085489078269048,0.0,unpleasant
0.0,0.0,0.0,1.0,pleasant
2.625,1.8515625,0.01586861084889213,1.0,unpleasant
2.375,3.00390625,0.05270154541819405,-1.0,unpleasant
0.0,0.0,0.0,0.0,unpleasant
1.91015625,5.9765625,0.8291908332023272,1.0,unpleasant
0.0,0.0,0.0,0.0,pleasant
2.6171875,1.9765625,0.01774217143102397,0.0,pleasant
2.0859375,3.87890625,0.2490411920051772,3.0,pleasant
0.0,0.0,0.0,1.0,unpleasant
0.0,0.0,0.0,1.0,pleasant
0.0,0.0,0.0,0.0,unpleasant
2.72265625,5.0234375,0.0968998277065446,0.0,unpleasant
0.0,0.0,0.0,0.0,unpleasant
0.0,0.0,0.0,-2.0,pleasant
0.0,0.0,0.0,0.0,unpleasant
0.0,0.0,0.0,0.0,pleasant
0.0,0.0,0.0,1.0,unpleasant
0.0,0.0,0.0,-1.0,pleasant
1.484375,2.375,0.07052770324026614,1.0,unpleasant
0.0,0.0,0.0,3.0,unpleasant
0.0,0.0,0.0,1.0,unpleasant
0.734375,1.15625,0.01382483700198667,1.0,pleasant
0.0,0.0,0.0,-2.0,pleasant
0.0,0.0,0.0,-1.0,pleasant
2.79296875,2.11328125,0.1104173810440305,-2.0,unpleasant
0.3046875,1.3359375,0.01843158428134606,3.0,unpleasant
1.84375,4.4453125,0.1376118965600601,0.0,unpleasant
0.48828125,2.03515625,0.01604167122944322,4.0,pleasant
1.34375,2.43359375,0.0589450556532527,2.0,pleasant
0.0,0.0,0.0,1.0,pleasant
0.0,0.0,0.0,1.0,unpleasant
0.0,0.0,0.0,0.0,pleasant
0.0,0.0,0.0,1.0,unpleasant
0.0,0.0,0.0,2.0,pleasant
2.34765625,1.17578125,0.01070792816979749,0.0,pleasant
0.0,0.0,0.0,0.0,unpleasant
0.0,0.0,0.0,1.0,unpleasant
0.0,0.0,0.0,1.0,unpleasant
0.0,0.0,0.0,0.0,unpleasant
2.69140625,3.375,0.1386472000591117,2.0,unpleasant
1.83984375,1.65625,0.1831605675242298,-1.0,unpleasant
0.0,0.0,0.0,0.0,unpleasant
0.0,0.0,0.0,1.0,pleasant
1.8984375,1.3828125,0.0194509710059485,1.0,pleasant
0.0,0.0,0.0,-2.0,pleasant
0.0,0.0,0.0,0.0,pleasant
0.0,0.0,0.0,-1.0,unpleasant
2.234375,3.6796875,0.03373858563258469,1.0,unpleasant
3.28125,3.1328125,0.0678997174267646,0.0,unpleasant
0.0,0.0,0.0,1.0,unpleasant
0.0,0.0,0.0,2.0,pleasant
0.0,0.0,0.0,0.0,pleasant
2.484375,3.625,0.07581258019691495,0.0,pleasant
0.0,0.0,0.0,0.0,unpleasant
0.0,0.0,0.0,0.0,pleasant
3.88671875,3.453125,0.02053479458292018,2.0,unpleasant
0.0,0.0,0.0,-1.0,pleasant
0.0,0.0,0.0,1.0,unpleasant
0.0,0.0,0.0,1.0,pleasant
0.0,0.0,0.0,-1.0,pleasant
0.0,0.0,0.0,0.0,unpleasant
0.0,0.0,0.0,1.0,pleasant
0.0,0.0,0.0,-1.0,unpleasant
0.0,0.0,0.0,2.0,pleasant
0.0,0.0,0.0,0.0,pleasant
3.87890625,1.3515625,0.01635492422305052,1.0,unpleasant
0.0,0.0,0.0,-1.0,unpleasant
0.0,0.0,0.0,2.0,pleasant
0.0,0.0,0.0,1.0,unpleasant
1.31640625,1.84375,0.01000308151151996,2.0,pleasant
0.0,0.0,0.0,1.0,pleasant
0.0,0.0,0.0,0.0,pleasant
2.0859375,2.8203125,0.1600006139051213,2.0,pleasant
0.0,0.0,0.0,2.0,unpleasant
0.0,0.0,0.0,1.0,pleasant
0.0,0.0,0.0,-2.0,pleasant
1.77734375,6.28515625,0.1914699394676548,-1.0,pleasant
0.0,0.0,0.0,2.0,pleasant
0.0,0.0,0.0,0.0,pleasant
0.0,0.0,0.0,2.0,pleasant
3.46484375,3.4375,0.2004567391023799,1.0,unpleasant
0.0,0.0,0.0,1.0,pleasant
0.0,0.0,0.0,6.0,pleasant
3.6484375,3.3203125,0.04068849988082213,1.0,unpleasant
0.0,0.0,0.0,1.0,unpleasant
2.1953125,3.48046875,0.4702459362744076,-1.0,unpleasant
0.0,0.0,0.0,0.0,pleasant
2.32421875,2.7265625,0.1371956592510069,1.0,pleasant
0.0,0.0,0.0,1.0,pleasant
